image_id,vibe
15970,Business Casual
39386,Casual Basics
59263,DROP
21379,Athleisure
53759,Athleisure
1855,Streetwear
30805,Business Casual
26960,Business Casual
29114,DROP
30039,DROP
9204,DROP
48123,DROP
18653,DROP
47957,Boho / Cottagecore
46885,DROP
12369,Business Casual
29928,DROP
42419,Boho / Cottagecore
51832,DROP
47359,DROP
17429,DROP
12967,DROP
6842,DROP
13089,Casual Basics
18461,DROP
9036,DROP
48311,DROP
7990,Casual Basics
56019,DROP
21977,DROP
37812,Business Casual
4729,Streetwear
56825,Business Casual
39988,DROP
59051,DROP
20099,Traditional / Ethnic Wear
58183,DROP
29742,DROP
51658,DROP
3954,Edgy / Alternative
18839,DROP
2886,DROP
23278,DROP
28690,Boho / Cottagecore
8580,Business Casual
3168,DROP
18005,Athleisure
17871,DROP
9452,Business Casual
38402,DROP
44984,DROP
10268,DROP
45856,Traditional / Ethnic Wear
32138,DROP
59435,DROP
5891,Casual Basics
38630,Athleisure
4943,Business Casual
11188,DROP
10866,Streetwear
59607,Traditional / Ethnic Wear
15528,Athleisure
45258,DROP
42841,DROP
22198,DROP
29570,DROP
43993,DROP
6628,DROP
54924,DROP
26538,DROP
35913,Edgy / Alternative
49495,DROP
9660,Business Casual
2288,Athleisure
23876,Casual Basics
18237,Casual Basics
54118,DROP
2872,DROP
49653,Casual Basics
8574,DROP
16957,DROP
19123,DROP
13419,Casual Basics
17885,DROP
43369,DROP
48781,DROP
44970,DROP
39524,DROP
33822,DROP
58513,Boho / Cottagecore
25947,Casual Basics
5865,Streetwear
39716,Business Casual
25349,DROP
11940,DROP
55802,Loungewear / Sleepwear
29584,Streetwear
43967,DROP
28456,Athleisure
34009,Athleisure
19311,DROP
42089,DROP
22950,DROP
49461,DROP
8746,DROP
9694,Casual Basics
23882,DROP
34835,DROP
15984,Business Casual
41268,DROP
11518,DROP
14856,DROP
33648,DROP
59297,Business Casual
28032,DROP
27846,Business Formal
26994,Athleisure
49839,DROP
31923,Casual Basics
2618,DROP
54588,Traditional / Ethnic Wear
49005,DROP
8322,Streetwear
13841,DROP
28200,DROP
12993,DROP
7158,Edgy / Alternative
18495,DROP
8110,DROP
19547,Casual Basics
7964,Athleisure
36934,DROP
39140,Traditional / Ethnic Wear
20851,DROP
41866,DROP
58177,DROP
44528,DROP
16392,Business Casual
51455,Edgy / Alternative
50587,DROP
17240,Business Casual
47530,DROP
6617,Edgy / Alternative
12732,DROP
3365,Streetwear
42042,DROP
23849,DROP
43190,DROP
48578,DROP
30462,DROP
18208,DROP
54127,DROP
10065,Casual Basics
24250,DROP
32335,DROP
25382,Casual Basics
56670,DROP
5092,Casual Basics
10859,Streetwear
59638,Traditional / Ethnic Wear
15517,DROP
4140,DROP
36795,DROP
40527,DROP
10257,Business Formal
24062,Streetwear
45869,DROP
11385,Athleisure
53130,DROP
44187,DROP
21510,DROP
51667,DROP
22395,Business Casual
35322,DROP
6425,DROP
18806,DROP
23247,DROP
17072,DROP
31782,Casual Basics
42270,DROP
12500,Business Casual
26735,DROP
30650,Athleisure
56026,DROP
21948,DROP
32563,Casual Basics
58980,DROP
40143,Edgy / Alternative
10633,DROP
24406,Traditional / Ethnic Wear
4716,DROP
21174,Casual Basics
15341,Athleisure
52486,Casual Basics
53554,DROP
14293,Business Casual
47366,DROP
6041,Business Casual
23623,Edgy / Alternative
17416,DROP
9835,Streetwear
29319,DROP
7193,Edgy / Alternative
12958,DROP
27283,Traditional / Ethnic Wear
30234,DROP
9009,DROP
3533,Streetwear
42614,DROP
12164,DROP
26351,DROP
17624,Loungewear / Sleepwear
47154,Casual Basics
35574,DROP
46086,DROP
51031,DROP
13284,Athleisure
54543,DROP
55491,DROP
26163,Business Formal
3701,Streetwear
29917,DROP
42426,Traditional / Ethnic Wear
32751,DROP
56214,DROP
10401,Business Casual
40371,Casual Basics
21346,DROP
45603,DROP
4524,DROP
37223,Casual Basics
53766,Casual Basics
25520,Casual Basics
32597,Casual Basics
58974,DROP
33445,DROP
57100,Business Casual
36137,DROP
41859,DROP
21180,DROP
39943,DROP
52472,Loungewear / Sleepwear
58148,DROP
20052,DROP
5630,DROP
44517,DROP
47392,DROP
50325,Traditional / Ethnic Wear
8913,DROP
16530,Business Casual
22705,DROP
7167,Business Casual
46240,Traditional / Ethnic Wear
27277,Traditional / Ethnic Wear
13042,DROP
6889,Business Casual
31312,Traditional / Ethnic Wear
12190,Business Casual
55657,DROP
19578,Casual Basics
27879,Casual Basics
34452,DROP
6287,Casual Basics
7355,Streetwear
46072,DROP
22537,DROP
28831,DROP
43500,Streetwear
2627,DROP
27045,DROP
13270,Edgy / Alternative
18698,DROP
55465,DROP
26197,DROP
31120,Casual Basics
25712,DROP
11527,Streetwear
14869,DROP
40385,Streetwear
15187,Athleisure
44725,DROP
14055,Business Casual
20260,Casual Basics
7731,DROP
22153,DROP
43958,DROP
28469,Casual Basics
50573,DROP
34036,Business Casual
8779,Business Formal
3391,Edgy / Alternative
43164,DROP
2243,Athleisure
30496,DROP
27421,Loungewear / Sleepwear
57756,DROP
33213,Traditional / Ethnic Wear
39729,Boho / Cottagecore
25376,Casual Basics
11143,Business Casual
56684,Traditional / Ethnic Wear
4988,Edgy / Alternative
44341,Business Casual
14431,DROP
20604,DROP
52224,DROP
45293,DROP
36761,DROP
33021,Traditional / Ethnic Wear
25144,DROP
11371,Business Casual
41401,Casual Basics
14603,DROP
37481,DROP
5254,DROP
44173,DROP
25978,DROP
4386,Streetwear
51693,DROP
16154,DROP
22361,DROP
29789,Casual Basics
19920,DROP
7503,Athleisure
46624,DROP
34204,Loungewear / Sleepwear
17086,DROP
50741,DROP
55233,DROP
13426,Casual Basics
43356,DROP
28207,Edgy / Alternative
13846,Business Casual
12994,DROP
46278,Traditional / Ethnic Wear
16508,Casual Basics
18492,DROP
19540,Casual Basics
7963,Casual Basics
8117,DROP
49230,DROP
39147,Traditional / Ethnic Wear
36933,DROP
57138,Casual Basics
20856,DROP
41861,DROP
5608,DROP
58170,DROP
53598,DROP
15983,Business Formal
39375,DROP
14851,DROP
59290,DROP
52678,DROP
20258,Casual Basics
47198,DROP
27841,DROP
28035,DROP
31924,DROP
26993,Casual Basics
13248,Edgy / Alternative
43538,Casual Basics
8325,Athleisure
31118,Casual Basics
19772,DROP
46876,DROP
5862,Business Casual
39711,DROP
14409,DROP
58726,Athleisure
44379,DROP
11947,DROP
36759,DROP
51499,Casual Basics
29583,DROP
55805,Loungewear / Sleepwear
7709,Casual Basics
28451,Athleisure
43960,Business Casual
8741,Business Casual
55039,DROP
19316,DROP
27419,Athleisure
34832,DROP
23885,DROP
19918,DROP
22359,Business Casual
19124,DROP
16950,DROP
49654,Boho / Cottagecore
48786,DROP
2049,Athleisure
17882,DROP
44977,DROP
33019,Traditional / Ethnic Wear
41439,DROP
39523,DROP
52812,DROP
11349,Casual Basics
24892,Business Casual
58514,Edgy / Alternative
33825,DROP
25940,DROP
38637,Streetwear
5896,DROP
4944,Casual Basics
10861,Streetwear
59600,Traditional / Ethnic Wear
42846,Boho / Cottagecore
35128,DROP
47508,DROP
54923,Athleisure
43994,DROP
17278,Streetwear
31588,Streetwear
49492,DROP
18230,Streetwear
23871,Business Casual
9667,Business Casual
16198,Athleisure
3953,Streetwear
29745,DROP
28697,Traditional / Ethnic Wear
12538,Loungewear / Sleepwear
8587,Business Casual
42248,Business Casual
48772,DROP
17876,Casual Basics
30668,DROP
9455,Business Formal
18002,Athleisure
44983,DROP
38405,DROP
53934,DROP
1638,DROP
25188,DROP
24866,DROP
53108,DROP
21528,DROP
59432,Edgy / Alternative
32903,Casual Basics
6079,Casual Basics
12960,DROP
29321,Athleisure
9031,DROP
6845,DROP
18466,DROP
26369,Business Casual
33489,Business Casual
59056,DROP
15379,DROP
45409,DROP
56822,Casual Basics
58184,DROP
40947,Athleisure
39381,Casual Basics
15977,Business Formal
32769,Casual Basics
10439,Edgy / Alternative
59264,DROP
14099,Boho / Cottagecore
1852,Streetwear
30802,Business Casual
51009,DROP
29113,DROP
7399,DROP
26967,Casual Basics
27089,Traditional / Ethnic Wear
48124,DROP
9203,DROP
51835,DROP
3739,DROP
19786,Athleisure
44948,DROP
24091,Business Casual
33026,Traditional / Ethnic Wear
41406,Casual Basics
11376,Business Casual
25143,DROP
44174,DROP
5253,Athleisure
20431,DROP
14604,DROP
4381,Streetwear
46623,DROP
19927,DROP
7504,Athleisure
22366,Casual Basics
3998,DROP
51694,DROP
16153,DROP
17081,DROP
50746,DROP
34203,Loungewear / Sleepwear
55234,DROP
13421,Business Casual
27614,Business Casual
22154,DROP
16361,Business Casual
46411,Streetwear
7736,DROP
34031,Business Casual
50574,DROP
22968,DROP
3396,DROP
31543,Business Casual
19329,DROP
13613,Athleisure
27426,Loungewear / Sleepwear
2244,Athleisure
43163,DROP
33214,Traditional / Ethnic Wear
10096,DROP
11144,Business Casual
25371,Casual Basics
20603,DROP
58719,Traditional / Ethnic Wear
11978,DROP
36766,DROP
45294,DROP
52223,Boho / Cottagecore
34455,DROP
6280,Streetwear
46075,DROP
35587,DROP
7352,Streetwear
27042,DROP
2620,Streetwear
43507,Streetwear
28836,Traditional / Ethnic Wear
31127,Edgy / Alternative
26190,DROP
55462,DROP
11520,Casual Basics
25715,DROP
41250,DROP
40382,Streetwear
38298,DROP
57335,DROP
52647,DROP
20267,DROP
14052,Business Casual
53795,Streetwear
44722,DROP
5405,DROP
39178,Traditional / Ethnic Wear
32590,Casual Basics
11712,Business Casual
25527,Casual Basics
57107,Business Casual
20869,DROP
33442,DROP
58973,DROP
39944,DROP
21187,DROP
36130,DROP
44510,DROP
20055,DROP
50322,Traditional / Ethnic Wear
28238,DROP
13879,Business Casual
47395,DROP
46247,Traditional / Ethnic Wear
7160,Traditional / Ethnic Wear
22702,DROP
8914,DROP
16537,DROP
43735,DROP
13045,DROP
27270,Traditional / Ethnic Wear
12197,Business Casual
55650,DROP
31315,Traditional / Ethnic Wear
6274,Casual Basics
47153,Casual Basics
17623,Athleisure
48927,DROP
51036,Loungewear / Sleepwear
26958,Business Casual
46081,DROP
35573,DROP
13283,Casual Basics
54544,DROP
30001,DROP
29910,DROP
3706,Casual Basics
26164,Business Formal
55496,DROP
56213,DROP
15948,DROP
40376,Streetwear
24633,DROP
10406,Business Casual
4523,DROP
45604,DROP
15174,Casual Basics
21341,DROP
53761,Athleisure
37224,Business Casual
32564,Business Casual
56021,DROP
24401,Traditional / Ethnic Wear
10634,DROP
40144,Casual Basics
58987,DROP
59069,DROP
15346,Athleisure
52481,Loungewear / Sleepwear
21173,Business Casual
4711,DROP
40978,Streetwear
14294,Casual Basics
17411,DROP
9832,Streetwear
23624,Edgy / Alternative
6046,Business Casual
34693,Casual Basics
47361,DROP
7194,Casual Basics
51204,DROP
30233,DROP
48329,DROP
18459,DROP
27284,Traditional / Ethnic Wear
12163,Athleisure
42613,DROP
3534,Streetwear
24065,Business Casual
10250,DROP
57597,DROP
40520,DROP
1607,Athleisure
11382,Casual Basics
44180,DROP
37472,DROP
53137,DROP
15722,DROP
4375,Streetwear
35325,DROP
22392,Casual Basics
51660,DROP
17075,DROP
23240,Traditional / Ethnic Wear
6422,DROP
18801,DROP
26732,DROP
12507,DROP
31785,Casual Basics
3150,DROP
17849,Streetwear
29548,Streetwear
42879,DROP
16395,Business Casual
51452,Boho / Cottagecore
6610,Casual Basics
47537,DROP
17247,Casual Basics
23072,Business Casual
42045,DROP
3362,Streetwear
12735,DROP
54120,DROP
30465,DROP
9658,Business Casual
43197,DROP
38608,Streetwear
24257,DROP
10062,Streetwear
56677,DROP
25385,DROP
32332,DROP
5095,Casual Basics
37640,DROP
4147,DROP
36792,DROP
45260,DROP
15510,DROP
21725,Athleisure
34038,Casual Basics
43956,DROP
28467,Boho / Cottagecore
16368,Business Casual
42884,DROP
55833,DROP
46418,DROP
48582,DROP
30498,DROP
8777,Business Casual
19320,DROP
25378,Casual Basics
4986,Athleisure
39727,Business Casual
5854,DROP
11971,DROP
5068,DROP
39515,DROP
45893,DROP
44941,DROP
24098,DROP
4388,Streetwear
58522,DROP
28655,DROP
2843,Streetwear
17088,DROP
3991,Streetwear
29787,Casual Basics
9497,DROP
13428,Streetwear
19112,Casual Basics
16966,DROP
49662,DROP
20860,DROP
32599,Casual Basics
39171,Traditional / Ethnic Wear
36905,DROP
57932,Streetwear
58146,DROP
40985,Streetwear
41857,DROP
59094,DROP
36139,DROP
7169,Casual Basics
28231,DROP
13870,Casual Basics
19576,Casual Basics
7955,Casual Basics
8121,DROP
27279,Traditional / Ethnic Wear
6887,Boho / Cottagecore
31912,Traditional / Ethnic Wear
49808,DROP
22539,DROP
27877,Business Casual
6289,Athleisure
28003,DROP
8313,DROP
49034,DROP
19744,Athleisure
26199,DROP
47992,DROP
18696,DROP
2629,DROP
14867,DROP
38291,DROP
11529,Business Casual
41259,DROP
1890,Athleisure
15189,Casual Basics
24408,DROP
20894,DROP
21946,DROP
39185,Traditional / Ethnic Wear
56028,DROP
40971,DROP
52488,DROP
59060,Traditional / Ethnic Wear
4718,Edgy / Alternative
56814,Traditional / Ethnic Wear
12956,DROP
29317,DROP
17418,DROP
47368,DROP
13884,Streetwear
19582,Streetwear
48320,DROP
9007,DROP
6873,Business Casual
18450,DROP
29125,DROP
26951,Streetwear
27883,Business Casual
30834,Traditional / Ethnic Wear
29919,DROP
42428,Traditional / Ethnic Wear
12358,Business Casual
48112,DROP
9235,Business Formal
14893,DROP
15941,DROP
53768,Streetwear
21348,DROP
59252,DROP
6619,DROP
54915,Streetwear
50589,DROP
42870,DROP
18206,DROP
54129,DROP
23847,DROP
48576,DROP
9651,Business Casual
8783,Business Casual
4972,Business Casual
38601,Streetwear
45269,DROP
11985,DROP
59636,Traditional / Ethnic Wear
15519,DROP
10857,Casual Basics
10259,Business Formal
53902,DROP
38433,DROP
40529,DROP
59404,Casual Basics
25982,DROP
44189,DROP
24850,DROP
23249,DROP
18808,DROP
51669,DROP
3965,Edgy / Alternative
29773,Business Casual
48744,DROP
17840,DROP
9463,Business Casual
18034,DROP
16992,DROP
3159,DROP
49696,DROP
14858,DROP
33646,DROP
57303,DROP
11516,DROP
41266,DROP
20251,Streetwear
14064,Casual Basics
44714,DROP
5433,Athleisure
52671,DROP
59299,Business Casual
49837,DROP
16733,DROP
7364,DROP
34463,DROP
47191,DROP
27848,Casual Basics
31111,Business Formal
55454,DROP
12393,DROP
13241,Athleisure
54586,Traditional / Ethnic Wear
27074,DROP
2616,DROP
43531,Casual Basics
46271,Casual Basics
35783,DROP
7156,Edgy / Alternative
22734,DROP
8922,DROP
16501,Streetwear
50314,Business Formal
34651,DROP
6084,Casual Basics
19549,Edgy / Alternative
49239,Athleisure
31323,Traditional / Ethnic Wear
43703,Traditional / Ethnic Wear
13073,DROP
57131,Boho / Cottagecore
40186,Boho / Cottagecore
58945,DROP
33474,DROP
59897,Boho / Cottagecore
11724,Business Casual
5601,DROP
20063,DROP
53591,DROP
58179,DROP
39972,DROP
15384,DROP
52443,Loungewear / Sleepwear
41868,DROP
36106,DROP
23282,DROP
34235,Casual Basics
46615,DROP
19911,DROP
7532,Streetwear
22350,Business Casual
16165,DROP
2040,Athleisure
30695,DROP
43367,DROP
13417,Traditional / Ethnic Wear
27622,Edgy / Alternative
55202,DROP
3192,Streetwear
16959,DROP
11340,Casual Basics
25175,DROP
10292,DROP
36562,Streetwear
25949,DROP
44142,DROP
5265,DROP
14632,DROP
11172,Casual Basics
25347,DROP
39718,Casual Basics
41602,Business Casual
33222,Traditional / Ethnic Wear
24295,DROP
36750,DROP
37682,DROP
34007,Casual Basics
50542,DROP
17285,Business Casual
43969,DROP
28458,Athleisure
22162,DROP
16357,Business Casual
46427,DROP
7700,Casual Basics
27410,Loungewear / Sleepwear
2272,Athleisure
43155,DROP
42087,DROP
8748,Business Casual
55030,DROP
17043,DROP
50784,DROP
2888,DROP
23276,DROP
6414,DROP
18837,DROP
35313,DROP
51656,DROP
16191,Streetwear
30661,DROP
43393,DROP
26704,DROP
12531,Casual Basics
42241,Casual Basics
56473,DROP
25181,DROP
24053,Casual Basics
10266,DROP
40516,DROP
15714,DROP
21521,DROP
4343,DROP
5291,DROP
53101,DROP
32304,DROP
10054,Athleisure
4171,DROP
45256,DROP
59609,Traditional / Ethnic Wear
15526,DROP
21713,DROP
44384,DROP
37676,DROP
6626,DROP
47501,DROP
17271,Business Casual
23044,Athleisure
22196,DROP
51464,Boho / Cottagecore
54116,DROP
30453,Casual Basics
2286,Athleisure
23878,DROP
48549,DROP
42073,DROP
31581,Streetwear
3354,Streetwear
26536,DROP
12703,DROP
24605,Traditional / Ethnic Wear
10430,Business Casual
56225,Loungewear / Sleepwear
39388,Casual Basics
14090,Casual Basics
53757,DROP
37212,Business Casual
4515,DROP
45632,DROP
51000,DROP
7390,DROP
35545,DROP
6242,Casual Basics
47165,DROP
17615,Streetwear
48911,DROP
29926,DROP
42417,DROP
3730,Athleisure
26152,Business Casual
12367,Business Casual
54572,Traditional / Ethnic Wear
27080,DROP
30037,DROP
46285,Boho / Cottagecore
12969,DROP
35777,DROP
51232,Boho / Cottagecore
17427,DROP
9804,Business Casual
23612,DROP
6070,Casual Basics
47357,DROP
26360,Casual Basics
12155,Traditional / Ethnic Wear
42625,DROP
3502,Casual Basics
30205,DROP
9038,DROP
54740,DROP
13087,DROP
10602,Athleisure
40172,DROP
33480,DROP
59863,DROP
32552,DROP
21979,DROP
56017,DROP
20097,Traditional / Ethnic Wear
53565,DROP
15370,Casual Basics
39986,DROP
21145,Business Casual
4727,Streetwear
45400,DROP
38434,DROP
53905,DROP
1609,Casual Basics
57599,DROP
25985,DROP
59403,Casual Basics
21519,DROP
53139,DROP
29774,Business Casual
3962,Casual Basics
18033,DROP
17847,DROP
9464,Business Casual
48743,DROP
16995,DROP
12509,DROP
17249,Casual Basics
47539,DROP
29546,Athleisure
42877,DROP
9656,Business Casual
23840,DROP
43199,DROP
18201,Edgy / Alternative
35925,DROP
8784,DROP
4975,Athleisure
56679,DROP
24259,DROP
38606,Athleisure
59631,Traditional / Ethnic Wear
4149,DROP
10850,Casual Basics
26956,Edgy / Alternative
29122,DROP
51038,DROP
30833,Traditional / Ethnic Wear
48929,DROP
27884,Business Casual
55498,DROP
3708,Casual Basics
48115,DROP
18665,DROP
47961,DROP
10408,Business Casual
14894,DROP
15946,DROP
1863,Streetwear
59255,DROP
20893,DROP
58989,DROP
38050,DROP
39182,Traditional / Ethnic Wear
41098,Boho / Cottagecore
21941,DROP
56813,Traditional / Ethnic Wear
59067,DROP
15348,Athleisure
12951,Business Casual
6048,Business Casual
13883,Business Casual
19585,Business Casual
6874,Casual Basics
18457,DROP
9000,DROP
48327,DROP
35589,DROP
31915,DROP
28004,DROP
27870,Business Casual
19743,Casual Basics
49033,DROP
8314,Casual Basics
31129,Boho / Cottagecore
43509,Business Casual
18691,DROP
47995,DROP
38296,DROP
14860,DROP
39344,Casual Basics
1897,Athleisure
52649,DROP
57109,Boho / Cottagecore
36902,DROP
25529,Business Casual
39176,Traditional / Ethnic Wear
40982,Streetwear
58141,DROP
57935,DROP
59093,DROP
41850,DROP
21189,DROP
16539,Business Casual
46249,Traditional / Ethnic Wear
13877,Business Casual
28236,DROP
8126,DROP
19571,Streetwear
12199,Casual Basics
7952,Business Casual
6880,Business Casual
11378,Business Formal
45894,DROP
39512,DROP
52823,DROP
41408,Streetwear
33028,Traditional / Ethnic Wear
25971,Edgy / Alternative
58525,DROP
37488,DROP
2844,Streetwear
50748,DROP
28652,Athleisure
29780,Business Casual
22368,Edgy / Alternative
3996,DROP
19929,DROP
2078,Casual Basics
9490,DROP
49665,DROP
8542,DROP
16961,DROP
19115,Casual Basics
28460,Athleisure
23088,Business Casual
43951,DROP
55834,DROP
42883,DROP
48585,DROP
34803,DROP
27428,Casual Basics
19327,Streetwear
3398,DROP
39720,Casual Basics
10098,DROP
5853,Edgy / Alternative
11976,DROP
36768,DROP
44348,Business Casual
14438,DROP
46282,Traditional / Ethnic Wear
47350,Casual Basics
23615,DROP
17420,DROP
9803,Casual Basics
3505,DROP
42622,DROP
12152,Traditional / Ethnic Wear
18468,DROP
13080,DROP
48318,DROP
30202,DROP
33487,Edgy / Alternative
40175,DROP
10605,DROP
56010,DROP
32555,DROP
53562,DROP
40949,Casual Basics
45407,DROP
4720,Loungewear / Sleepwear
21142,Business Casual
39981,DROP
59058,Traditional / Ethnic Wear
15377,DROP
10437,Casual Basics
24602,Traditional / Ethnic Wear
32767,Business Casual
56222,Loungewear / Sleepwear
37215,Business Casual
14097,Business Casual
53750,Loungewear / Sleepwear
52682,DROP
15145,Business Casual
45635,DROP
4512,DROP
7397,DROP
35542,DROP
26969,Casual Basics
51007,DROP
48916,DROP
17612,Casual Basics
47162,DROP
6245,Casual Basics
19788,Casual Basics
12360,Business Casual
26155,Business Formal
3737,DROP
42410,DROP
29921,DROP
27087,Traditional / Ethnic Wear
54575,Traditional / Ethnic Wear
32303,DROP
56646,Traditional / Ethnic Wear
5898,DROP
57794,DROP
10053,DROP
24266,Athleisure
38639,Athleisure
15521,DROP
45251,DROP
37671,DROP
44383,DROP
23043,Athleisure
17276,Streetwear
47506,Casual Basics
6621,DROP
51463,Boho / Cottagecore
42848,DROP
22191,DROP
9669,Business Casual
54111,DROP
12704,DROP
26531,DROP
31586,Streetwear
3353,Streetwear
42074,DROP
47734,DROP
6413,DROP
18830,DROP
28699,Traditional / Ethnic Wear
23271,DROP
17044,DROP
50783,DROP
51651,DROP
16196,Athleisure
35314,DROP
43394,DROP
17878,Casual Basics
30666,DROP
3161,DROP
8589,Business Casual
12536,Casual Basics
26703,DROP
25186,DROP
1636,DROP
40511,DROP
10261,Business Casual
24054,Streetwear
4344,DROP
21526,Business Casual
15713,DROP
53106,DROP
5296,DROP
24868,DROP
41605,Business Casual
25340,DROP
11175,Casual Basics
24292,DROP
33225,Edgy / Alternative
11949,DROP
36757,DROP
37685,DROP
5050,DROP
44377,DROP
58728,Casual Basics
50545,DROP
17282,Streetwear
34000,Business Casual
7707,Casual Basics
46420,DROP
16350,Business Casual
51497,Casual Basics
22165,DROP
43152,DROP
2275,Athleisure
27417,Casual Basics
55037,DROP
19318,DROP
49468,DROP
42080,DROP
22959,DROP
34232,Casual Basics
23285,DROP
50777,DROP
16162,DROP
22357,Business Casual
19916,DROP
7535,Athleisure
46612,DROP
27625,Business Casual
13410,Business Casual
48788,DROP
43360,DROP
2047,Athleisure
30692,DROP
55205,DROP
25172,DROP
56480,DROP
11347,Casual Basics
41437,DROP
33017,Traditional / Ethnic Wear
10295,DROP
57552,DROP
44979,DROP
45097,DROP
36565,DROP
14635,DROP
5262,DROP
8925,DROP
16506,Casual Basics
22733,DROP
35784,DROP
7151,Business Casual
46276,Traditional / Ethnic Wear
13848,Casual Basics
6083,Streetwear
28209,DROP
50313,DROP
8119,DROP
31324,Traditional / Ethnic Wear
13074,DROP
43704,DROP
33473,DROP
58942,DROP
20858,DROP
40181,DROP
57136,Business Casual
25516,Streetwear
39149,Traditional / Ethnic Wear
59890,Casual Basics
53596,DROP
20064,DROP
5606,DROP
44521,DROP
36101,DROP
52444,Loungewear / Sleepwear
39975,DROP
57304,DROP
33641,DROP
41261,DROP
25724,DROP
11511,DROP
5434,Streetwear
44713,DROP
14063,Casual Basics
20256,Business Casual
52676,DROP
36333,DROP
7363,DROP
46044,DROP
16734,DROP
22501,DROP
49830,DROP
47196,DROP
34464,DROP
12394,DROP
46878,DROP
31116,Edgy / Alternative
43536,Boho / Cottagecore
28807,Business Casual
2611,DROP
13246,Casual Basics
54581,Traditional / Ethnic Wear
3763,Streetwear
29975,DROP
26101,Business Casual
54521,DROP
9259,Business Casual
30064,DROP
16794,Business Casual
51053,DROP
49890,DROP
47136,Boho / Cottagecore
6211,Streetwear
48942,DROP
23473,DROP
50181,DROP
17646,DROP
30858,Traditional / Ethnic Wear
1808,DROP
37241,DROP
5494,Streetwear
45661,DROP
36393,DROP
4546,DROP
21324,DROP
15111,Business Formal
38209,DROP
40313,DROP
10463,Casual Basics
24656,DROP
25784,DROP
56276,DROP
37073,DROP
44581,Casual Basics
53536,DROP
21116,Casual Basics
15323,Edgy / Alternative
56878,DROP
4774,Athleisure
57196,Casual Basics
40121,DROP
32501,Business Casual
56044,DROP
11783,Streetwear
12106,Traditional / Ethnic Wear
26333,DROP
3551,DROP
42676,Business Casual
2483,Casual Basics
30256,DROP
54713,Traditional / Ethnic Wear
51261,DROP
9857,Business Casual
47304,DROP
6023,Casual Basics
21572,DROP
15747,DROP
32959,Streetwear
52080,Business Casual
59468,DROP
45037,DROP
4310,Streetwear
37417,Edgy / Alternative
53152,Business Casual
14695,Casual Basics
32165,DROP
56420,DROP
10235,DROP
1662,Athleisure
40545,DROP
48728,DROP
30632,Streetwear
27685,DROP
18058,DROP
3135,DROP
42212,Business Casual
23225,Traditional / Ethnic Wear
17010,DROP
18864,Athleisure
34292,Traditional / Ethnic Wear
6447,DROP
7595,DROP
3909,Loungewear / Sleepwear
51605,Business Casual
13682,DROP
54145,DROP
3307,DROP
42020,DROP
55097,DROP
12750,DROP
47552,DROP
54979,Business Casual
6675,DROP
17222,DROP
51437,Boho / Cottagecore
35172,DROP
46480,DROP
45205,DROP
4122,DROP
21740,DROP
15575,Streetwear
53360,DROP
37625,Streetwear
32357,DROP
33285,Business Casual
40777,DROP
10007,Streetwear
21586,Edgy / Alternative
52074,Business Casual
14661,Business Casual
20454,DROP
32191,DROP
52848,DROP
39579,DROP
25126,DROP
57506,DROP
33043,Traditional / Ethnic Wear
43334,DROP
27671,DROP
54383,DROP
13444,Edgy / Alternative
55251,DROP
31714,DROP
8529,DROP
28639,Casual Basics
50723,Boho / Cottagecore
47794,DROP
34266,Traditional / Ethnic Wear
18890,Business Casual
7561,Casual Basics
19942,DROP
46646,DROP
16136,Casual Basics
27443,Casual Basics
13676,DROP
43106,DROP
2221,DROP
26591,DROP
6681,DROP
34054,Casual Basics
22131,DROP
7753,DROP
35186,DROP
46474,DROP
36703,DROP
15581,Casual Basics
14453,DROP
53394,Traditional / Ethnic Wear
20666,Casual Basics
5004,Edgy / Alternative
25314,DROP
11121,DROP
33271,Edgy / Alternative
40783,DROP
5838,Streetwear
31142,Business Casual
3797,DROP
29981,DROP
19728,Business Casual
55407,DROP
27027,Casual Basics
13212,DROP
28853,Business Casual
43562,DROP
50949,Casual Basics
30090,DROP
2645,DROP
16760,Edgy / Alternative
49864,DROP
22555,DROP
46010,Traditional / Ethnic Wear
34430,Streetwear
23487,DROP
50175,DROP
58318,DROP
14037,Edgy / Alternative
20202,Streetwear
5460,DROP
44747,DROP
36367,DROP
52622,DROP
57350,DROP
10497,Streetwear
25770,DROP
11545,Casual Basics
56282,DROP
37087,DROP
20030,Business Casual
39921,DROP
52410,Loungewear / Sleepwear
4780,Casual Basics
57162,Casual Basics
58916,DROP
33427,DROP
41007,Edgy / Alternative
25542,Casual Basics
11777,Streetwear
7939,Streetwear
55635,DROP
42682,Traditional / Ethnic Wear
2477,DROP
27215,Edgy / Alternative
7105,DROP
16552,Business Casual
8971,DROP
22767,Traditional / Ethnic Wear
50347,Traditional / Ethnic Wear
34602,DROP
59665,Traditional / Ethnic Wear
14498,DROP
10804,Business Casual
4921,Casual Basics
32368,DROP
39780,Business Casual
40748,DROP
38652,DROP
18255,Traditional / Ethnic Wear
27488,DROP
9602,Business Casual
23814,DROP
48525,Casual Basics
3338,Athleisure
35971,Streetwear
19387,DROP
54946,Business Casual
23028,Business Casual
42823,DROP
51408,Business Casual
55894,DROP
7798,Casual Basics
9430,DROP
17813,DROP
48717,DROP
6478,Athleisure
19989,DROP
3936,Streetwear
15778,DROP
59457,DROP
45008,DROP
37428,DROP
52883,Traditional / Ethnic Wear
45834,Traditional / Ethnic Wear
33088,DROP
38460,DROP
12139,Traditional / Ethnic Wear
42649,Casual Basics
8186,Business Casual
9054,DROP
30269,DROP
48373,Business Casual
18403,DROP
6820,DROP
12905,DROP
9868,Business Casual
28296,DROP
57995,Business Casual
5699,DROP
40922,Athleisure
38838,Boho / Cottagecore
59033,DROP
21129,Casual Basics
56847,Casual Basics
37870,DROP
38004,DROP
21915,Traditional / Ethnic Wear
25589,Traditional / Ethnic Wear
4579,DROP
38236,DROP
24669,DROP
56249,Loungewear / Sleepwear
15912,Business Casual
49093,DROP
31189,DROP
18631,Streetwear
9266,Business Casual
50982,Loungewear / Sleepwear
28898,DROP
48141,DROP
29176,Casual Basics
26902,Casual Basics
35529,DROP
47109,DROP
17679,DROP
30867,Traditional / Ethnic Wear
7906,Casual Basics
19525,Business Casual
8172,DROP
48387,Edgy / Alternative
22758,Traditional / Ethnic Wear
50378,Traditional / Ethnic Wear
28262,DROP
57961,Traditional / Ethnic Wear
58115,DROP
37884,DROP
20833,DROP
39122,Traditional / Ethnic Wear
41038,DROP
58327,DROP
14008,Streetwear
44778,DROP
36358,DROP
14834,DROP
39310,DROP
49067,DROP
8340,Streetwear
46813,Athleisure
19717,Business Casual
55438,DROP
27018,Casual Basics
50976,DROP
29182,Business Casual
31941,DROP
7308,Casual Basics
30893,Traditional / Ethnic Wear
28050,DROP
48989,DROP
11922,DROP
59691,DROP
58743,Casual Basics
5807,Casual Basics
13649,DROP
34857,DROP
22932,DROP
8724,Business Casual
35985,Streetwear
47599,DROP
28434,DROP
55860,DROP
19141,DROP
49631,Casual Basics
8516,DROP
28606,DROP
34259,Loungewear / Sleepwear
46679,DROP
16109,DROP
25925,Casual Basics
5209,Streetwear
33840,DROP
58571,Athleisure
52877,Traditional / Ethnic Wear
39546,DROP
25119,DROP
44912,Loungewear / Sleepwear
57539,DROP
38494,Athleisure
20037,DROP
44572,DROP
37080,DROP
57959,Traditional / Ethnic Wear
4787,Casual Basics
52417,Loungewear / Sleepwear
39926,DROP
58911,DROP
24497,Traditional / Ethnic Wear
57165,Casual Basics
11770,Streetwear
41000,Casual Basics
42685,Traditional / Ethnic Wear
55632,DROP
13027,DROP
27212,Business Casual
43757,DROP
22760,Traditional / Ethnic Wear
16555,Casual Basics
8976,DROP
7102,DROP
34605,DROP
50340,Traditional / Ethnic Wear
55400,DROP
3790,DROP
8378,Casual Basics
30097,DROP
2642,DROP
43565,DROP
28854,Casual Basics
13215,DROP
27020,Casual Basics
46017,Traditional / Ethnic Wear
7330,DROP
49863,DROP
16767,DROP
31979,DROP
50172,DROP
28068,DROP
23480,DROP
44740,DROP
5467,DROP
20205,Casual Basics
14030,Athleisure
36360,DROP
45692,DROP
57357,DROP
10490,Business Casual
33612,DROP
39328,Edgy / Alternative
41232,DROP
11542,Traditional / Ethnic Wear
56285,DROP
25777,DROP
2226,Athleisure
43101,DROP
18299,Traditional / Ethnic Wear
13671,Edgy / Alternative
27444,Athleisure
26596,DROP
50516,DROP
6686,Casual Basics
34053,Athleisure
46473,DROP
7754,DROP
55858,DROP
35181,DROP
22136,DROP
16303,Casual Basics
15586,Athleisure
36704,DROP
5003,Casual Basics
14454,DROP
53393,Traditional / Ethnic Wear
11126,Athleisure
25313,DROP
40784,DROP
36536,DROP
52073,Business Casual
58549,DROP
14666,Business Casual
33878,DROP
44116,DROP
5231,Casual Basics
25121,DROP
32196,Traditional / Ethnic Wear
33044,Traditional / Ethnic Wear
57501,DROP
54384,DROP
13443,Casual Basics
2014,Athleisure
43333,DROP
49609,DROP
31713,DROP
12591,Streetwear
55256,DROP
18897,Business Casual
34261,Streetwear
50724,Edgy / Alternative
2828,DROP
22304,DROP
16131,Casual Basics
46641,DROP
7566,Streetwear
19945,DROP
13685,DROP
54142,DROP
26562,DROP
55090,DROP
12757,Streetwear
42027,DROP
3300,DROP
17225,DROP
6672,DROP
47555,DROP
46487,DROP
51430,Business Casual
15572,Streetwear
21747,DROP
4125,Athleisure
45202,DROP
37622,Streetwear
20695,DROP
53367,DROP
32350,DROP
56615,DROP
4919,Streetwear
10000,Casual Basics
4317,Streetwear
45030,DROP
15740,DROP
52087,Casual Basics
21575,DROP
37410,DROP
56427,DROP
32162,DROP
40542,DROP
38458,DROP
27682,DROP
9408,DROP
30635,Athleisure
42215,Casual Basics
3132,Business Casual
34295,Traditional / Ethnic Wear
18863,Casual Basics
6440,DROP
17017,DROP
23222,Traditional / Ethnic Wear
51602,Casual Basics
7592,DROP
53531,DROP
44586,Casual Basics
37074,DROP
4773,Athleisure
15324,Athleisure
21111,Casual Basics
40126,Streetwear
24463,DROP
10656,Edgy / Alternative
37848,DROP
57191,Casual Basics
56043,DROP
11784,Casual Basics
32506,DROP
49299,DROP
42671,Traditional / Ethnic Wear
3556,DROP
26334,DROP
12101,Traditional / Ethnic Wear
54714,Traditional / Ethnic Wear
6818,DROP
2484,Casual Basics
30251,DROP
22794,Casual Basics
8982,DROP
51266,DROP
6024,Streetwear
47303,DROP
26106,Business Casual
12333,Casual Basics
3764,Streetwear
30063,DROP
48179,DROP
54526,DROP
18609,Casual Basics
35511,DROP
49897,DROP
16793,Business Casual
51054,DROP
50186,DROP
17641,DROP
23474,DROP
48945,DROP
6216,Streetwear
47131,DROP
37246,DROP
5493,Streetwear
15116,Business Formal
59239,DROP
21323,DROP
36394,DROP
4541,Casual Basics
24651,DROP
10464,Streetwear
40314,DROP
56271,DROP
25783,DROP
27649,Streetwear
16932,Casual Basics
49636,Boho / Cottagecore
19146,Casual Basics
55269,DROP
2817,DROP
7559,Business Casual
25922,Casual Basics
36509,DROP
58576,Streetwear
14659,Business Casual
33847,DROP
39541,DROP
38493,Streetwear
40589,Traditional / Ethnic Wear
44915,Athleisure
59696,DROP
11925,DROP
58744,Casual Basics
41669,DROP
39773,Business Casual
11119,Business Formal
5800,Streetwear
33249,Business Casual
2219,DROP
34850,DROP
54189,DROP
35982,Casual Basics
8723,Business Casual
22935,DROP
28433,DROP
55867,DROP
22109,DROP
5458,Athleisure
58320,DROP
57368,DROP
14833,DROP
39317,Casual Basics
25748,DROP
46814,Athleisure
49060,DROP
50971,DROP
16758,DROP
31946,DROP
28057,DROP
30894,Traditional / Ethnic Wear
34408,Streetwear
8175,DROP
7901,Traditional / Ethnic Wear
19522,Edgy / Alternative
13018,DROP
48380,Casual Basics
43768,DROP
8949,Business Casual
13824,DROP
28265,DROP
58112,DROP
20008,Streetwear
57966,Traditional / Ethnic Wear
52428,Loungewear / Sleepwear
37883,DROP
56088,DROP
39125,Traditional / Ethnic Wear
37279,Casual Basics
15129,Casual Basics
45659,DROP
38231,DROP
15915,Business Casual
11589,Loungewear / Sleepwear
26139,Business Formal
51857,Business Casual
49094,DROP
48146,DROP
2689,Streetwear
9261,Business Casual
50985,DROP
54519,DROP
18636,Athleisure
26905,Casual Basics
29171,Edgy / Alternative
22599,Casual Basics
30860,Traditional / Ethnic Wear
6229,Streetwear
3569,DROP
8181,Business Casual
18404,DROP
6827,DROP
48374,Business Casual
9053,DROP
51259,DROP
29343,Streetwear
12902,DROP
28291,DROP
23679,DROP
40925,Casual Basics
57992,Boho / Cottagecore
36199,Athleisure
59034,DROP
38003,DROP
40119,Athleisure
10669,Streetwear
37877,DROP
21912,Traditional / Ethnic Wear
32539,DROP
48710,DROP
9437,DROP
17814,DROP
17028,DROP
3931,Streetwear
29727,DROP
35378,DROP
4328,Streetwear
20498,DROP
56418,DROP
52884,Traditional / Ethnic Wear
38467,DROP
21778,DROP
59662,Traditional / Ethnic Wear
10803,Edgy / Alternative
53358,DROP
4926,Casual Basics
38655,DROP
48522,Boho / Cottagecore
23813,DROP
9605,Business Casual
19380,Casual Basics
12768,Traditional / Ethnic Wear
34098,Edgy / Alternative
54941,Boho / Cottagecore
55893,DROP
42824,DROP
14462,DROP
36732,Casual Basics
5809,Athleisure
57705,DROP
33240,Business Casual
32392,Business Casual
41660,Business Casual
11110,Business Casual
25325,DROP
12795,Streetwear
2210,Athleisure
43137,DROP
34859,DROP
27472,DROP
22100,Traditional / Ethnic Wear
16335,Business Casual
50520,DROP
34065,Edgy / Alternative
47597,DROP
31725,DROP
8518,Athleisure
26792,Business Casual
55260,DROP
13475,DROP
27640,DROP
43305,Business Casual
22332,Business Casual
16107,DROP
46677,DROP
7550,Business Casual
19973,DROP
6482,Casual Basics
34257,Athleisure
50712,DROP
28608,DROP
20465,DROP
14650,Streetwear
36500,Traditional / Ethnic Wear
15782,DROP
40580,Traditional / Ethnic Wear
33072,Business Casual
25117,DROP
52879,Traditional / Ethnic Wear
41452,DROP
27224,Boho / Cottagecore
30293,Casual Basics
3594,DROP
7908,Business Casual
34633,DROP
50376,DROP
9892,Casual Basics
23684,DROP
22756,Traditional / Ethnic Wear
8940,Business Casual
7134,Loungewear / Sleepwear
36164,Streetwear
39910,DROP
52421,Boho / Cottagecore
20001,Streetwear
44544,DROP
56081,DROP
11746,Casual Basics
25573,DROP
41036,DROP
33416,DROP
10694,Casual Basics
57153,Casual Basics
4583,DROP
36356,DROP
44776,DROP
5451,Athleisure
37284,Casual Basics
20233,Casual Basics
58329,DROP
14006,Athleisure
11574,Traditional / Ethnic Wear
25741,DROP
24693,Streetwear
57361,DROP
33624,DROP
50978,DROP
2674,Streetwear
43553,DROP
13223,Casual Basics
27016,Casual Basics
19719,Business Casual
55436,DROP
49069,DROP
31173,Casual Basics
17683,DROP
34401,Streetwear
46021,Traditional / Ethnic Wear
7306,Boho / Cottagecore
49855,DROP
22564,DROP
16751,DROP
54722,Traditional / Ethnic Wear
30267,DROP
43795,DROP
42647,Traditional / Ethnic Wear
8188,Business Casual
3560,DROP
12137,Traditional / Ethnic Wear
6012,Business Casual
47335,DROP
9866,Casual Basics
17445,DROP
50382,Traditional / Ethnic Wear
23670,Streetwear
28298,DROP
56849,Casual Basics
4745,Business Casual
15312,DROP
21127,Boho / Cottagecore
38836,Boho / Cottagecore
53507,DROP
5697,DROP
56075,DROP
25587,Traditional / Ethnic Wear
32530,DROP
40110,Athleisure
24455,DROP
10660,Casual Basics
15120,Business Casual
21315,DROP
4577,DROP
45650,DROP
44782,DROP
53735,DROP
11580,Boho / Cottagecore
56247,Casual Basics
57395,DROP
10452,Streetwear
40322,DROP
38238,DROP
9268,Business Casual
2680,Streetwear
30055,DROP
28896,DROP
54510,DROP
12305,Business Casual
29944,DROP
3752,Streetwear
31187,DROP
17677,DROP
30869,Traditional / Ethnic Wear
23442,Traditional / Ethnic Wear
6220,Streetwear
22590,Athleisure
29178,Casual Basics
14496,DROP
15544,Edgy / Alternative
4113,DROP
45234,DROP
40746,DROP
32366,DROP
41694,Loungewear / Sleepwear
26554,DROP
19389,Streetwear
42011,DROP
3336,Streetwear
54174,DROP
27486,DROP
35143,DROP
7796,Casual Basics
51406,Business Casual
17213,DROP
34091,Streetwear
54948,Casual Basics
6644,DROP
47563,DROP
42223,Loungewear / Sleepwear
3104,Streetwear
55294,DROP
54346,DROP
13481,DROP
30603,Athleisure
3938,Streetwear
51634,DROP
46683,DROP
19987,Casual Basics
18855,Streetwear
6476,Athleisure
17021,DROP
23214,Traditional / Ethnic Wear
20491,DROP
4321,Streetwear
45006,DROP
15776,DROP
59459,DROP
21543,DROP
40574,Boho / Cottagecore
1653,DROP
33086,DROP
10204,DROP
56411,DROP
48184,Business Casual
50947,Casual Basics
27029,Casual Basics
19726,Business Casual
55409,DROP
46822,DROP
51895,DROP
8371,Streetwear
3799,Streetwear
49056,DROP
23489,DROP
28061,DROP
27815,DROP
31970,DROP
36369,Business Formal
44749,DROP
58316,DROP
14039,Edgy / Alternative
39321,Casual Basics
10499,Casual Basics
14805,DROP
56882,DROP
37089,DROP
57950,DROP
41009,Casual Basics
39113,Streetwear
58918,DROP
33429,DROP
20802,DROP
9091,DROP
2479,Business Casual
8143,DROP
7937,Streetwear
19514,DROP
13812,Casual Basics
28253,DROP
50349,Traditional / Ethnic Wear
22769,Traditional / Ethnic Wear
33871,DROP
58540,DROP
5238,DROP
25914,Athleisure
21588,Casual Basics
53994,DROP
57508,DROP
44923,Casual Basics
25128,DROP
52846,DROP
39577,DROP
8527,DROP
49600,DROP
12598,Streetwear
19170,Streetwear
16138,Streetwear
34268,Traditional / Ethnic Wear
28637,DROP
2821,DROP
19342,Business Casual
13678,DROP
18290,Boho / Cottagecore
55851,DROP
35188,DROP
43934,DROP
28405,DROP
54983,Loungewear / Sleepwear
20668,Business Casual
11913,DROP
5836,Streetwear
39745,Edgy / Alternative
33885,DROP
37419,DROP
24832,DROP
45039,DROP
15749,Casual Basics
59466,DROP
38451,DROP
39583,DROP
19184,Edgy / Alternative
18056,DROP
48726,DROP
9401,DROP
17822,DROP
3907,Traditional / Ethnic Wear
29711,Business Casual
6449,DROP
55099,DROP
35940,Loungewear / Sleepwear
3309,DROP
23825,DROP
48514,Casual Basics
9633,Business Casual
34892,DROP
51439,Boho / Cottagecore
42812,DROP
29523,DROP
54977,Loungewear / Sleepwear
10835,Casual Basics
59654,Traditional / Ethnic Wear
10009,Streetwear
38663,DROP
40779,DROP
32359,DROP
4910,Streetwear
43598,Streetwear
48170,DROP
9257,Business Casual
18600,DROP
8385,Streetwear
28095,DROP
17648,DROP
30856,Traditional / Ethnic Wear
47138,DROP
26933,Casual Basics
31984,DROP
29147,Business Casual
59230,DROP
4548,DROP
1806,DROP
15923,DROP
56278,DROP
24658,DROP
38207,DROP
56876,DROP
21118,Edgy / Alternative
59002,DROP
53538,DROP
36993,DROP
21924,Traditional / Ethnic Wear
38035,DROP
57198,Boho / Cottagecore
18432,DROP
6811,DROP
48342,DROP
9065,Business Casual
30258,DROP
42678,Traditional / Ethnic Wear
49290,DROP
12108,Boho / Cottagecore
9859,Casual Basics
12934,Business Casual
55293,DROP
3103,Streetwear
42224,Boho / Cottagecore
9439,DROP
30604,Athleisure
54341,DROP
13486,Business Casual
19980,Streetwear
46684,DROP
51633,DROP
29729,DROP
23213,Traditional / Ethnic Wear
17026,DROP
18852,Streetwear
6471,Casual Basics
37421,DROP
20496,DROP
21544,DROP
15771,DROP
45001,DROP
4326,Streetwear
10203,DROP
24036,Streetwear
1654,DROP
38469,DROP
33081,Business Casual
40573,Boho / Cottagecore
56416,DROP
14491,DROP
37613,Streetwear
45233,DROP
4114,DROP
15543,DROP
40741,DROP
10031,Streetwear
24204,Edgy / Alternative
56624,DROP
4928,Casual Basics
41693,Loungewear / Sleepwear
32361,DROP
42016,DROP
12766,Casual Basics
26553,DROP
27481,DROP
54173,DROP
51401,Business Casual
35144,DROP
7791,Loungewear / Sleepwear
47564,DROP
34096,Casual Basics
6643,DROP
17214,DROP
45657,DROP
4570,DROP
21312,DROP
15127,Edgy / Alternative
53732,DROP
44785,DROP
11587,Traditional / Ethnic Wear
56240,Loungewear / Sleepwear
40325,DROP
57392,DROP
10455,Streetwear
24660,DROP
54517,DROP
18638,Athleisure
28891,DROP
48148,DROP
2687,Streetwear
30052,DROP
3755,Streetwear
31180,Athleisure
29943,DROP
47100,DROP
6227,Streetwear
17670,DROP
22597,Athleisure
43792,DROP
30260,DROP
54725,Traditional / Ethnic Wear
6829,DROP
12130,Traditional / Ethnic Wear
26305,Casual Basics
3567,DROP
42640,Business Casual
23677,DROP
17442,DROP
50385,Traditional / Ethnic Wear
47332,DROP
6015,Casual Basics
35712,DROP
51257,DROP
21120,Business Casual
15315,DROP
4742,DROP
5690,DROP
32537,DROP
56072,DROP
37879,DROP
24452,DROP
4584,DROP
36351,Business Formal
14001,Athleisure
20234,Business Casual
5456,Casual Basics
37283,Streetwear
44771,DROP
25746,DROP
11573,Traditional / Ethnic Wear
39319,Casual Basics
33623,DROP
57366,DROP
24694,Business Casual
27011,Casual Basics
13224,Streetwear
43554,DROP
28865,Business Casual
2673,DROP
31174,Streetwear
8349,Streetwear
55431,DROP
34406,Streetwear
28059,DROP
48980,DROP
17684,DROP
31948,DROP
51091,Traditional / Ethnic Wear
22563,DROP
7301,Casual Basics
46026,DROP
30294,Streetwear
27223,Boho / Cottagecore
13016,DROP
3593,DROP
34634,DROP
7133,Loungewear / Sleepwear
8947,Business Casual
22751,Traditional / Ethnic Wear
52426,Loungewear / Sleepwear
39917,DROP
5664,Streetwear
57968,Traditional / Ethnic Wear
20006,Streetwear
41031,DROP
25574,DROP
56086,DROP
11741,Casual Basics
10693,Casual Basics
57154,Casual Basics
58920,Business Formal
19148,Casual Basics
55267,DROP
26795,Business Casual
31722,DROP
49638,Boho / Cottagecore
43302,Business Casual
2025,Casual Basics
13472,Casual Basics
7557,Athleisure
35382,DROP
19974,Casual Basics
16100,DROP
50715,Streetwear
6485,Athleisure
34250,Athleisure
44127,DROP
14657,Edgy / Alternative
33849,DROP
20462,DROP
15785,DROP
36507,DROP
57530,DROP
33075,Casual Basics
40587,Traditional / Ethnic Wear
41455,DROP
25110,DROP
44315,Business Casual
36735,Casual Basics
21782,DROP
59698,Loungewear / Sleepwear
33247,Business Casual
25322,DROP
11117,Business Casual
41667,Boho / Cottagecore
32395,Business Casual
12792,Athleisure
27475,DROP
13640,DROP
54187,DROP
43130,DROP
2217,DROP
16332,Business Casual
55869,DROP
46442,DROP
47590,DROP
34062,Boho / Cottagecore
50527,DROP
59005,DROP
56871,DROP
44588,Casual Basics
32508,DROP
59839,DROP
21923,Traditional / Ethnic Wear
36994,DROP
10658,Boho / Cottagecore
40128,Boho / Cottagecore
38032,DROP
9062,Business Casual
48345,DROP
18435,DROP
6816,DROP
3558,DROP
23648,Streetwear
12933,Business Casual
54528,DROP
18607,DROP
9250,Business Casual
48177,DROP
8382,Boho / Cottagecore
50188,DROP
30851,Traditional / Ethnic Wear
28092,DROP
49899,DROP
29140,DROP
31983,DROP
26934,Edgy / Alternative
45668,DROP
15118,Business Formal
59237,DROP
1801,DROP
37248,DROP
15924,DROP
38200,DROP
42029,DROP
12759,Casual Basics
35947,Business Casual
18263,Traditional / Ethnic Wear
9634,Business Casual
48513,Casual Basics
23822,DROP
29524,DROP
42815,DROP
46489,DROP
54970,DROP
53369,DROP
10832,Streetwear
59653,Traditional / Ethnic Wear
38664,DROP
4917,Casual Basics
24835,DROP
33882,DROP
59461,DROP
32950,DROP
52089,Streetwear
4319,Streetwear
38456,DROP
39584,DROP
56429,DROP
45802,DROP
19183,Business Casual
9406,Streetwear
17825,DROP
48721,DROP
18051,DROP
3900,Loungewear / Sleepwear
17019,DROP
49435,DROP
8712,DROP
26598,DROP
19345,DROP
18297,Traditional / Ethnic Wear
34861,DROP
2228,DROP
22138,DROP
55856,DROP
6688,Casual Basics
54984,Boho / Cottagecore
50518,DROP
28402,DROP
43933,DROP
11914,DROP
15588,Business Casual
33278,Edgy / Alternative
5831,Streetwear
11128,Loungewear / Sleepwear
39742,DROP
44118,DROP
58547,DROP
14668,Edgy / Alternative
33876,DROP
36538,DROP
25913,Athleisure
44924,Casual Basics
39570,DROP
32198,Traditional / Ethnic Wear
52841,DROP
19177,Business Casual
55258,DROP
49607,DROP
16903,Casual Basics
8520,Athleisure
27678,DROP
7568,Business Casual
2826,DROP
28630,Athleisure
18899,Boho / Cottagecore
52419,Edgy / Alternative
41832,DROP
4789,Edgy / Alternative
56885,DROP
57957,Traditional / Ethnic Wear
20039,Athleisure
58123,DROP
24499,Traditional / Ethnic Wear
20805,DROP
9096,DROP
43759,DROP
7930,Business Casual
19513,DROP
8144,DROP
17489,DROP
28254,DROP
13815,Streetwear
8978,DROP
48183,DROP
29988,DROP
51892,DROP
8376,DROP
46825,DROP
19721,Business Casual
34439,Streetwear
27812,DROP
28066,DROP
16769,DROP
31977,DROP
46019,Traditional / Ethnic Wear
58311,DROP
5469,DROP
25779,DROP
39326,Loungewear / Sleepwear
14802,DROP
57359,DROP
5638,DROP
57934,DROP
40983,Streetwear
58140,DROP
59092,DROP
41851,DROP
21188,DROP
57108,Casual Basics
20866,DROP
39177,Traditional / Ethnic Wear
36903,DROP
25528,Boho / Cottagecore
7953,Casual Basics
12198,Casual Basics
19570,Streetwear
6881,Boho / Cottagecore
46248,Traditional / Ethnic Wear
16538,Edgy / Alternative
28237,DROP
31128,Boho / Cottagecore
8315,Streetwear
46846,DROP
18690,DROP
47994,DROP
43508,Business Casual
31914,DROP
35588,DROP
27871,Business Casual
28005,DROP
58372,Streetwear
52648,DROP
14861,DROP
38297,DROP
39345,Streetwear
27429,Athleisure
48584,DROP
8771,DROP
3399,DROP
19326,Casual Basics
23089,Business Casual
43950,DROP
28461,Athleisure
42882,DROP
7739,DROP
55835,DROP
11977,DROP
36769,DROP
4980,Casual Basics
39721,Boho / Cottagecore
5852,DROP
10099,DROP
25970,Casual Basics
37489,DROP
33815,Business Casual
58524,DROP
52822,DROP
39513,DROP
11379,Boho / Cottagecore
45895,DROP
44947,DROP
33029,Traditional / Ethnic Wear
9491,DROP
19114,Casual Basics
49664,DROP
16960,DROP
50749,DROP
2845,Streetwear
28653,DROP
19928,DROP
22369,Business Casual
29781,Business Casual
3997,DROP
18200,Casual Basics
9657,Business Casual
23841,DROP
43198,DROP
48570,DROP
8785,Casual Basics
54913,Streetwear
47538,DROP
17248,Business Casual
28495,Athleisure
42876,DROP
29547,Streetwear
35118,DROP
11983,DROP
4148,DROP
59630,Traditional / Ethnic Wear
10851,Casual Basics
56678,DROP
4974,Casual Basics
38607,Athleisure
24258,DROP
25984,DROP
53138,DROP
45861,Traditional / Ethnic Wear
57598,DROP
1608,Athleisure
38435,DROP
9465,Business Casual
17846,DROP
48742,DROP
18032,DROP
12508,DROP
49690,DROP
16994,DROP
3963,Edgy / Alternative
40977,Streetwear
15349,Athleisure
59066,DROP
56812,Traditional / Ethnic Wear
20892,DROP
58988,DROP
38051,DROP
39183,Traditional / Ethnic Wear
21940,DROP
26359,Casual Basics
19584,Casual Basics
9001,DROP
48326,Business Casual
18456,DROP
6875,Edgy / Alternative
12950,Edgy / Alternative
13882,Business Casual
6049,Business Casual
3709,Business Casual
51805,DROP
55499,DROP
9233,Business Formal
48114,DROP
29123,DROP
51039,DROP
26957,Business Casual
27885,Business Casual
30832,Traditional / Ethnic Wear
48928,DROP
1862,Streetwear
59254,DROP
10409,Business Casual
15947,DROP
32759,Business Casual
48789,DROP
30693,DROP
2046,Athleisure
27624,Business Casual
13411,Business Casual
23284,DROP
50776,DROP
34233,Business Casual
7534,Athleisure
19917,DROP
46613,DROP
16163,DROP
22356,Business Casual
52021,Loungewear / Sleepwear
45096,DROP
36564,DROP
5263,DROP
44144,DROP
20401,DROP
41436,DROP
25173,DROP
56481,DROP
11346,Casual Basics
10294,DROP
57553,DROP
44978,DROP
33016,Traditional / Ethnic Wear
4183,DROP
11948,DROP
36756,DROP
58729,Casual Basics
37684,DROP
44376,Casual Basics
11174,Casual Basics
33224,Casual Basics
57761,DROP
24293,DROP
27416,Loungewear / Sleepwear
43153,DROP
2274,Athleisure
42081,DROP
22958,DROP
49469,DROP
19319,DROP
55036,DROP
34001,Casual Basics
50544,DROP
17283,Business Casual
16351,Business Casual
22164,DROP
7706,Streetwear
14062,Casual Basics
20257,Casual Basics
5435,Streetwear
44712,DROP
36332,DROP
21385,Athleisure
52677,DROP
57305,DROP
11510,DROP
41260,DROP
31117,Casual Basics
12395,DROP
46879,DROP
13247,Casual Basics
54580,Traditional / Ethnic Wear
28806,Business Casual
43537,Edgy / Alternative
2610,DROP
16735,DROP
49831,DROP
22500,DROP
7362,Streetwear
46045,DROP
47197,DROP
34465,DROP
31325,Traditional / Ethnic Wear
8118,DROP
43705,DROP
13075,DROP
7150,Casual Basics
35785,DROP
46277,Boho / Cottagecore
16507,Edgy / Alternative
8924,DROP
22732,DROP
28208,DROP
50312,DROP
6082,Streetwear
13849,Business Casual
44520,DROP
53597,DROP
20065,DROP
39974,DROP
15382,DROP
52445,Loungewear / Sleepwear
57137,Business Casual
58943,DROP
33472,DROP
20859,DROP
40180,DROP
59891,Edgy / Alternative
11722,Casual Basics
14096,Casual Basics
53751,Athleisure
45634,DROP
4513,DROP
52683,DROP
15144,Business Casual
10436,Business Casual
24603,Traditional / Ethnic Wear
56223,Loungewear / Sleepwear
32766,Business Casual
3736,DROP
29920,DROP
42411,DROP
12361,Business Formal
19789,Business Casual
26154,Business Casual
27086,DROP
54574,Traditional / Ethnic Wear
51006,DROP
35543,DROP
7396,DROP
26968,Edgy / Alternative
47163,DROP
6244,Streetwear
48917,DROP
17613,Streetwear
12153,Traditional / Ethnic Wear
26366,Business Casual
3504,DROP
42623,DROP
48319,DROP
30203,DROP
13081,DROP
18469,DROP
46283,Traditional / Ethnic Wear
23614,DROP
9802,Business Casual
17421,DROP
47351,DROP
6076,Business Casual
53563,DROP
20091,Casual Basics
40948,Casual Basics
21143,Boho / Cottagecore
15376,DROP
39980,DROP
59059,Traditional / Ethnic Wear
45406,DROP
4721,Streetwear
10604,DROP
33486,Boho / Cottagecore
40174,DROP
32554,DROP
56011,DROP
43395,DROP
17879,Athleisure
30667,DROP
12537,Loungewear / Sleepwear
26702,DROP
8588,Business Casual
3160,DROP
42247,Casual Basics
23270,DROP
28698,Traditional / Ethnic Wear
17045,DROP
18831,DROP
6412,DROP
35315,DROP
51650,DROP
16197,Edgy / Alternative
21527,DROP
36590,Edgy / Alternative
4345,DROP
24869,DROP
53107,DROP
25187,DROP
56475,DROP
10260,Business Formal
24055,Business Casual
1637,DROP
40510,DROP
45250,DROP
21715,DROP
15520,DROP
44382,DROP
11180,DROP
56647,Traditional / Ethnic Wear
38638,Athleisure
57795,DROP
10052,Athleisure
5899,DROP
24267,Edgy / Alternative
54110,DROP
2280,Athleisure
3352,Streetwear
31587,Streetwear
42075,DROP
12705,DROP
26530,DROP
47507,DROP
6620,DROP
23042,Business Formal
17277,Streetwear
51462,Boho / Cottagecore
42849,DROP
22190,DROP
29578,DROP
35127,DROP
51802,Loungewear / Sleepwear
42429,Traditional / Ethnic Wear
29918,DROP
48113,DROP
26950,Edgy / Alternative
46089,DROP
29124,DROP
30835,Traditional / Ethnic Wear
27882,Business Casual
1865,Streetwear
58381,Streetwear
21349,DROP
59253,DROP
14892,DROP
15940,DROP
40970,DROP
56815,Traditional / Ethnic Wear
4719,Streetwear
59061,Traditional / Ethnic Wear
52489,DROP
20895,DROP
24409,DROP
56029,DROP
21947,DROP
39184,Traditional / Ethnic Wear
19583,Casual Basics
18451,DROP
6872,Edgy / Alternative
29316,DROP
12957,DROP
47369,DROP
13885,Casual Basics
17419,DROP
25983,DROP
59405,Casual Basics
44188,DROP
45866,DROP
38432,DROP
40528,DROP
10258,Business Formal
18035,DROP
48745,DROP
9462,Business Casual
17841,DROP
16993,DROP
49697,Business Formal
18809,DROP
23248,DROP
3964,Boho / Cottagecore
51668,DROP
29772,Business Casual
48577,DROP
23846,DROP
9650,Business Formal
54128,DROP
18207,DROP
35923,DROP
26508,Business Formal
8782,Business Casual
22994,Athleisure
28492,Business Casual
50588,DROP
54914,Streetwear
6618,Edgy / Alternative
42871,DROP
15518,DROP
59637,Traditional / Ethnic Wear
45268,DROP
10856,Casual Basics
4973,Edgy / Alternative
38600,Streetwear
25977,DROP
4389,Streetwear
58523,DROP
45892,DROP
39514,DROP
52825,DROP
44940,DROP
24099,DROP
13429,Streetwear
43359,DROP
9496,DROP
49663,DROP
19113,Casual Basics
28654,DROP
17089,DROP
2842,Streetwear
3990,Streetwear
29786,Casual Basics
48583,DROP
30499,DROP
19321,Casual Basics
8776,Business Casual
43957,DROP
34039,Edgy / Alternative
55832,Loungewear / Sleepwear
46419,DROP
16369,Business Formal
42885,DROP
11970,Streetwear
5069,DROP
39726,Business Casual
25379,Casual Basics
4987,Boho / Cottagecore
5855,DROP
19745,Business Casual
26198,DROP
46841,DROP
8312,DROP
49035,DROP
2628,DROP
47993,DROP
18697,DROP
31913,DROP
22538,DROP
49809,DROP
28002,DROP
27876,Traditional / Ethnic Wear
6288,DROP
58375,Streetwear
1891,Streetwear
38290,Streetwear
14866,DROP
41258,DROP
39342,DROP
58147,DROP
40984,Casual Basics
57933,Streetwear
44518,DROP
36138,DROP
59095,DROP
20861,DROP
36904,DROP
39170,Traditional / Ethnic Wear
32598,Casual Basics
8120,DROP
7954,Casual Basics
19577,Casual Basics
27278,Traditional / Ethnic Wear
6886,Business Formal
7168,Business Casual
13871,Business Casual
28230,DROP
15527,Athleisure
59608,Traditional / Ethnic Wear
21712,DROP
4170,DROP
45257,DROP
44385,DROP
10869,Streetwear
37677,DROP
53332,DROP
32305,DROP
56640,Traditional / Ethnic Wear
24260,DROP
2287,Athleisure
48548,DROP
54117,DROP
18238,Athleisure
26537,DROP
12702,DROP
42072,DROP
3355,Streetwear
31580,Streetwear
17270,Casual Basics
23045,Edgy / Alternative
6627,DROP
35120,DROP
22197,DROP
51465,Edgy / Alternative
54325,DROP
43392,DROP
42240,Business Casual
3167,DROP
26705,DROP
12530,Casual Basics
18836,DROP
6415,DROP
47732,DROP
2889,DROP
17042,DROP
23277,DROP
51657,DROP
16190,Athleisure
35312,DROP
4342,DROP
15715,DROP
21520,DROP
53100,DROP
5290,DROP
25180,DROP
45859,Traditional / Ethnic Wear
40517,DROP
24052,Streetwear
10267,DROP
42624,DROP
3503,DROP
26361,Streetwear
12154,Athleisure
54741,DROP
13086,DROP
9039,DROP
30204,DROP
46284,Boho / Cottagecore
12968,DROP
6071,Casual Basics
47356,DROP
9805,Business Casual
17426,DROP
23613,DROP
20096,Traditional / Ethnic Wear
53564,DROP
4726,Streetwear
45401,DROP
39987,DROP
15371,Casual Basics
21144,Traditional / Ethnic Wear
40173,DROP
33481,DROP
10603,DROP
56016,DROP
32553,DROP
59862,DROP
21978,DROP
14091,Casual Basics
53756,DROP
52684,DROP
21376,Streetwear
4514,DROP
45633,DROP
24604,Traditional / Ethnic Wear
10431,Business Casual
56224,Athleisure
26153,Business Formal
42416,Traditional / Ethnic Wear
29927,DROP
3731,Athleisure
30036,DROP
54573,Traditional / Ethnic Wear
27081,DROP
7391,DROP
51001,DROP
17614,Streetwear
48910,DROP
34496,Business Casual
6243,Casual Basics
47164,DROP
49238,DROP
31322,Traditional / Ethnic Wear
19548,Casual Basics
13072,DROP
43702,Edgy / Alternative
22735,DROP
8923,DROP
46270,Casual Basics
7157,Edgy / Alternative
35782,DROP
6085,Streetwear
34650,DROP
50315,DROP
20062,DROP
58178,DROP
53590,DROP
5600,DROP
15385,DROP
52442,Loungewear / Sleepwear
39973,DROP
41869,DROP
40187,Casual Basics
33475,DROP
58944,DROP
57130,Boho / Cottagecore
11725,Streetwear
59896,Boho / Cottagecore
44715,DROP
5432,Streetwear
20250,Streetwear
14065,Casual Basics
59298,Business Casual
52670,DROP
21382,Athleisure
36335,DROP
57302,DROP
14859,DROP
33647,DROP
41267,DROP
11517,DROP
25722,DROP
55455,DROP
12392,DROP
31110,Casual Basics
2617,Streetwear
43530,Casual Basics
13240,Athleisure
54587,Traditional / Ethnic Wear
27075,DROP
46042,DROP
7365,DROP
49836,DROP
16732,DROP
34462,DROP
47190,DROP
27849,Casual Basics
52214,DROP
4184,DROP
36751,Streetwear
44371,Casual Basics
37683,DROP
14401,DROP
39719,Casual Basics
41603,Business Casual
11173,Business Casual
25346,DROP
24294,DROP
57766,DROP
2273,Athleisure
43154,DROP
13624,Athleisure
27411,Loungewear / Sleepwear
55031,DROP
42086,DROP
31574,Streetwear
8749,Business Casual
50543,DROP
17284,Casual Basics
28459,Athleisure
43968,DROP
34006,Casual Basics
46426,DROP
7701,Streetwear
22163,DROP
13416,Business Casual
27623,Casual Basics
30694,DROP
2041,Athleisure
43366,DROP
16958,DROP
3193,Streetwear
55203,DROP
34234,Casual Basics
23283,DROP
22351,Edgy / Alternative
16164,DROP
46614,DROP
7533,Athleisure
19910,DROP
36563,Casual Basics
25948,DROP
45091,DROP
20406,DROP
14633,Casual Basics
44143,DROP
5264,DROP
11341,Casual Basics
25174,DROP
10293,DROP
8586,Business Casual
42249,Traditional / Ethnic Wear
12539,Streetwear
18003,Casual Basics
9454,Business Casual
17877,Casual Basics
30669,DROP
3952,Business Casual
16199,Casual Basics
29744,DROP
28696,Traditional / Ethnic Wear
2880,DROP
53109,DROP
5299,DROP
24867,DROP
59433,DROP
53935,DROP
38404,DROP
44982,DROP
25189,DROP
45850,Traditional / Ethnic Wear
59601,Traditional / Ethnic Wear
4179,DROP
5897,DROP
24269,Streetwear
38636,Streetwear
56649,Traditional / Ethnic Wear
4945,Casual Basics
35915,DROP
31589,Streetwear
49493,DROP
23870,Athleisure
48541,DROP
9666,Business Formal
18231,Streetwear
35129,DROP
42847,DROP
29576,DROP
17279,Streetwear
47509,DROP
59265,DROP
1853,Streetwear
14098,Streetwear
15976,Business Formal
32768,Streetwear
39380,Edgy / Alternative
10438,Edgy / Alternative
48125,DROP
9202,DROP
27088,Traditional / Ethnic Wear
18655,DROP
19787,Business Casual
46883,DROP
3738,Streetwear
30803,Business Casual
7398,DROP
26966,Business Casual
51008,DROP
29112,DROP
18467,DROP
9030,DROP
7996,Casual Basics
26368,Business Casual
29320,Athleisure
12961,DROP
45408,DROP
15378,DROP
58185,DROP
40946,Casual Basics
21971,DROP
33488,Edgy / Alternative
52679,DROP
59291,DROP
20259,Casual Basics
39374,DROP
15982,Business Casual
14850,DROP
28808,Business Casual
43539,Casual Basics
13249,Edgy / Alternative
19773,Athleisure
46877,DROP
31119,Casual Basics
8324,Athleisure
28034,DROP
47199,DROP
27840,DROP
26992,Casual Basics
31925,DROP
18493,DROP
8116,DROP
7962,Athleisure
19541,DROP
13847,Streetwear
16509,Casual Basics
12995,DROP
46279,Traditional / Ethnic Wear
53599,DROP
58171,DROP
5609,DROP
21985,DROP
39146,Traditional / Ethnic Wear
57139,Casual Basics
16951,DROP
49655,Boho / Cottagecore
19125,DROP
48787,DROP
17883,Casual Basics
2048,Athleisure
22358,Business Casual
28662,DROP
50778,DROP
2874,DROP
33824,DROP
58515,Athleisure
25941,DROP
45098,DROP
33018,Traditional / Ethnic Wear
44976,DROP
11348,Casual Basics
41438,DROP
52813,DROP
39522,DROP
44378,DROP
58727,Athleisure
14408,DROP
11946,DROP
36758,DROP
5863,Streetwear
39710,DROP
19317,DROP
8740,Business Casual
23884,DROP
9692,Casual Basics
27418,Athleisure
34833,DROP
7708,Casual Basics
55804,Loungewear / Sleepwear
51498,Casual Basics
29582,DROP
28450,Athleisure
4710,DROP
15347,Athleisure
52480,Loungewear / Sleepwear
59068,DROP
21172,Casual Basics
40979,Streetwear
38863,Boho / Cottagecore
14295,Streetwear
56020,DROP
32565,Business Casual
40145,Loungewear / Sleepwear
58986,DROP
24400,Traditional / Ethnic Wear
10635,DROP
18458,DROP
27285,Traditional / Ethnic Wear
48328,DROP
42612,DROP
3535,Streetwear
26357,Casual Basics
12162,Traditional / Ethnic Wear
47360,DROP
9833,Streetwear
17410,DROP
23625,Streetwear
51205,DROP
7195,Streetwear
30000,DROP
13282,Casual Basics
54545,DROP
55497,DROP
12350,Business Casual
29911,DROP
3707,Business Casual
6275,Casual Basics
26959,Business Casual
46080,DROP
51037,DROP
21340,DROP
4522,DROP
45605,DROP
37225,DROP
53760,Casual Basics
15949,DROP
32757,DROP
56212,DROP
24632,DROP
10407,Business Casual
33685,DROP
12734,DROP
42044,DROP
3363,Streetwear
9659,Business Formal
30464,DROP
43196,DROP
54121,DROP
35116,DROP
16394,Edgy / Alternative
51453,Edgy / Alternative
50581,DROP
17246,Business Casual
23073,Business Formal
6611,Business Casual
47536,DROP
5094,Streetwear
15511,DROP
21724,DROP
36793,DROP
4146,DROP
45261,DROP
24256,DROP
10063,Streetwear
38609,Athleisure
32333,DROP
56676,DROP
25384,DROP
53136,DROP
44181,DROP
24858,Business Casual
37473,DROP
4374,Streetwear
15723,DROP
40521,DROP
57596,DROP
56444,DROP
11383,Streetwear
42276,DROP
3151,DROP
31784,Boho / Cottagecore
26733,DROP
12506,DROP
17848,Streetwear
22393,Streetwear
51661,DROP
35324,DROP
18800,DROP
6423,DROP
17074,DROP
23241,Traditional / Ethnic Wear
19328,Casual Basics
22969,DROP
3397,DROP
2245,Business Casual
43162,DROP
27427,Loungewear / Sleepwear
46410,Streetwear
7737,DROP
16360,Business Casual
50575,DROP
34030,Edgy / Alternative
20602,DROP
58718,Traditional / Ethnic Wear
14437,DROP
52222,DROP
11979,DROP
36767,DROP
45295,DROP
57750,DROP
10097,DROP
33215,Traditional / Ethnic Wear
11145,Business Casual
56682,DROP
25370,Athleisure
14605,DROP
44175,DROP
5252,DROP
4380,Streetwear
33027,Traditional / Ethnic Wear
44949,DROP
24090,Streetwear
57562,DROP
11377,Business Casual
25142,DROP
41407,Casual Basics
55235,DROP
13420,Business Casual
43350,DROP
22367,Streetwear
51695,DROP
16152,DROP
46622,DROP
7505,Streetwear
19926,DROP
34202,Casual Basics
17080,DROP
50747,DROP
36131,DROP
39945,DROP
52474,Loungewear / Sleepwear
21186,DROP
20054,DROP
44511,DROP
11713,Edgy / Alternative
25526,Traditional / Ethnic Wear
32591,Edgy / Alternative
39179,Traditional / Ethnic Wear
20868,DROP
58972,DROP
33443,DROP
57106,Casual Basics
13044,DROP
27271,Traditional / Ethnic Wear
43734,DROP
31314,Traditional / Ethnic Wear
8129,DROP
12196,Casual Basics
55651,DROP
13878,Business Casual
47394,DROP
50323,Traditional / Ethnic Wear
28239,DROP
22703,DROP
16536,DROP
46246,Traditional / Ethnic Wear
2621,Streetwear
43506,Business Casual
55463,DROP
31126,Boho / Cottagecore
34454,DROP
46074,DROP
7353,Streetwear
35586,DROP
16704,Athleisure
36303,Streetwear
44723,DROP
5404,DROP
20266,DROP
14053,Edgy / Alternative
53794,Streetwear
41251,DROP
11521,Streetwear
25714,DROP
57334,DROP
40383,Streetwear
38299,DROP
58720,Athleisure
11941,DROP
5864,DROP
25348,DROP
39717,Casual Basics
49460,DROP
42088,DROP
19310,DROP
34834,DROP
9695,Casual Basics
16358,Business Formal
46428,DROP
55803,Loungewear / Sleepwear
34008,Casual Basics
28457,Athleisure
43966,DROP
19122,DROP
49652,Boho / Cottagecore
16956,DROP
43368,DROP
13418,Business Casual
20408,DROP
58512,Boho / Cottagecore
33823,DROP
25946,DROP
44971,DROP
39525,DROP
52814,DROP
56488,DROP
18494,DROP
7965,Business Casual
19546,Casual Basics
49236,DROP
8111,DROP
28201,DROP
13840,DROP
12992,DROP
41867,DROP
44529,DROP
58176,DROP
39141,Traditional / Ethnic Wear
59898,Edgy / Alternative
21982,DROP
36935,DROP
20850,DROP
59296,Business Casual
11519,DROP
15985,Business Casual
41269,DROP
14857,DROP
33649,DROP
54589,Traditional / Ethnic Wear
2619,Streetwear
8323,Athleisure
46870,DROP
27847,Casual Basics
28033,DROP
49838,DROP
31922,DROP
26995,Casual Basics
9037,DROP
18460,DROP
13088,Streetwear
6843,DROP
17428,DROP
47358,DROP
12966,DROP
39989,DROP
59050,DROP
4728,Streetwear
20098,Traditional / Ethnic Wear
40941,Casual Basics
58182,DROP
21976,DROP
56018,DROP
37813,Business Formal
59262,DROP
1854,Streetwear
39387,Casual Basics
15971,Edgy / Alternative
47956,DROP
9205,DROP
30038,DROP
48122,DROP
42418,Boho / Cottagecore
29929,DROP
46884,DROP
19780,DROP
12368,Business Formal
34498,Business Casual
30804,Business Casual
29115,DROP
10867,Streetwear
37679,DROP
45259,DROP
15529,Business Casual
59606,Traditional / Ethnic Wear
38631,Athleisure
5890,Athleisure
4942,Streetwear
49494,DROP
26539,DROP
35912,DROP
54119,DROP
18236,Athleisure
2289,Athleisure
9661,Business Casual
23877,DROP
29571,DROP
42840,DROP
22199,DROP
54925,DROP
6629,DROP
43992,DROP
8581,Business Formal
9453,Business Casual
17870,DROP
48774,DROP
18004,Athleisure
29743,DROP
3955,Streetwear
51659,DROP
2887,DROP
28691,Traditional / Ethnic Wear
23279,DROP
18838,DROP
44985,DROP
10269,DROP
40519,DROP
38403,DROP
27044,DROP
18699,DROP
13271,DROP
43501,Streetwear
28830,DROP
2626,DROP
31121,Casual Basics
55464,DROP
26196,DROP
27878,Loungewear / Sleepwear
6286,Streetwear
34453,DROP
22536,DROP
49807,DROP
46073,DROP
36304,Streetwear
52641,DROP
14054,Edgy / Alternative
53793,Streetwear
20261,Streetwear
5403,DROP
44724,DROP
25713,DROP
11526,Casual Basics
41256,DROP
14868,DROP
57333,DROP
41858,DROP
21181,DROP
52473,Loungewear / Sleepwear
39942,DROP
36136,DROP
5631,DROP
44516,DROP
58149,DROP
20053,DROP
32596,Casual Basics
25521,DROP
11714,Edgy / Alternative
57101,Boho / Cottagecore
33444,DROP
58975,DROP
27276,Traditional / Ethnic Wear
6888,Boho / Cottagecore
19579,Casual Basics
12191,Business Casual
55656,DROP
31313,Traditional / Ethnic Wear
50324,Traditional / Ethnic Wear
47393,DROP
7166,Business Casual
46241,Traditional / Ethnic Wear
8912,DROP
22704,DROP
5255,DROP
37480,DROP
44172,DROP
14602,DROP
52017,Loungewear / Sleepwear
25979,DROP
4387,Streetwear
33020,Traditional / Ethnic Wear
41400,Casual Basics
25145,DROP
11370,Athleisure
55232,DROP
16969,DROP
43357,DROP
9498,Business Formal
13427,Streetwear
7502,Athleisure
19921,DROP
46625,DROP
51692,DROP
16155,DROP
29788,Casual Basics
22360,Business Casual
17087,DROP
50740,DROP
34205,Loungewear / Sleepwear
31545,Business Casual
3390,DROP
8778,Business Casual
27420,Loungewear / Sleepwear
13615,Casual Basics
43165,DROP
30497,DROP
2242,Casual Basics
16367,Business Casual
22152,DROP
7730,DROP
46417,DROP
34037,Edgy / Alternative
28468,Streetwear
43959,DROP
50572,DROP
14430,DROP
5067,DROP
45292,DROP
36760,DROP
52225,DROP
33212,Business Casual
4989,Casual Basics
11142,DROP
56685,Traditional / Ethnic Wear
39728,Business Casual
37474,DROP
44186,DROP
53131,DROP
21511,DROP
15724,DROP
4373,Streetwear
10256,Edgy / Alternative
57591,DROP
40526,DROP
32106,DROP
56443,DROP
11384,Edgy / Alternative
12501,Casual Basics
26734,DROP
31783,Traditional / Ethnic Wear
49699,DROP
42271,DROP
30651,Edgy / Alternative
35323,DROP
51666,DROP
22394,Athleisure
23246,DROP
17073,DROP
18807,DROP
6424,DROP
3364,Streetwear
42043,DROP
12733,DROP
54126,DROP
18209,DROP
48579,DROP
23848,DROP
43191,DROP
30463,DROP
16393,Edgy / Alternative
51454,Boho / Cottagecore
35111,DROP
47531,DROP
6616,Casual Basics
50586,DROP
17241,Casual Basics
53303,Streetwear
10858,Streetwear
37646,DROP
5093,Casual Basics
45266,DROP
36794,DROP
4141,DROP
21723,DROP
15516,DROP
59639,Traditional / Ethnic Wear
10064,Streetwear
24251,DROP
25383,DROP
56671,DROP
32334,DROP
13285,Casual Basics
54542,DROP
3700,Casual Basics
42427,Traditional / Ethnic Wear
29916,DROP
55490,DROP
12357,Business Casual
26162,Business Formal
47155,DROP
6272,Casual Basics
48921,DROP
17625,Athleisure
51030,DROP
35575,DROP
46087,DROP
45602,DROP
4525,DROP
21347,DROP
15172,Casual Basics
53767,Casual Basics
20295,Streetwear
37222,Business Casual
56215,DROP
10400,DROP
21175,DROP
15340,Athleisure
52487,DROP
4717,Streetwear
53555,Loungewear / Sleepwear
38864,Boho / Cottagecore
21949,DROP
32562,Casual Basics
59853,DROP
56027,DROP
10632,DROP
24407,Traditional / Ethnic Wear
58981,DROP
40142,Casual Basics
9008,DROP
30235,DROP
27282,Traditional / Ethnic Wear
12165,Traditional / Ethnic Wear
26350,DROP
3532,Streetwear
42615,DROP
9834,Streetwear
17417,DROP
47367,DROP
6040,Casual Basics
12959,DROP
7192,Athleisure
51202,DROP
29318,DROP
34635,DROP
23682,DROP
9894,Edgy / Alternative
8946,Business Casual
22750,Traditional / Ethnic Wear
7132,Streetwear
46215,DROP
27222,Casual Basics
30295,Streetwear
3592,DROP
25575,DROP
56087,DROP
11740,Business Casual
41030,DROP
58921,DROP
33410,DROP
10692,Streetwear
57155,Edgy / Alternative
52427,Loungewear / Sleepwear
20007,Streetwear
57969,Traditional / Ethnic Wear
5665,DROP
39318,Casual Basics
25747,DROP
11572,Traditional / Ethnic Wear
57367,DROP
24695,DROP
33622,DROP
36350,DROP
4585,DROP
37282,Casual Basics
5457,Athleisure
44770,DROP
14000,Athleisure
20235,Casual Basics
28058,DROP
48981,DROP
17685,DROP
7300,Streetwear
46027,DROP
16757,DROP
31949,DROP
51090,Traditional / Ethnic Wear
22562,DROP
43555,DROP
2672,DROP
27010,Edgy / Alternative
13225,Streetwear
55430,DROP
8348,Streetwear
31175,Streetwear
33246,Business Formal
41666,Business Casual
32394,Business Casual
25323,DROP
11116,Business Casual
21783,DROP
59699,DROP
36734,Casual Basics
55868,DROP
7764,Streetwear
46443,DROP
16333,Business Formal
50526,DROP
47591,DROP
34063,Boho / Cottagecore
12793,Athleisure
43131,DROP
2216,DROP
27474,DROP
13641,DROP
54186,DROP
16101,DROP
22334,Casual Basics
19975,Business Casual
35383,DROP
7556,Athleisure
46671,DROP
34251,Athleisure
6484,Athleisure
50714,Streetwear
31723,DROP
49639,Traditional / Ethnic Wear
55266,DROP
19149,Casual Basics
26794,Business Formal
27646,Streetwear
13473,DROP
43303,Casual Basics
2024,Athleisure
33074,Business Casual
40586,Traditional / Ethnic Wear
57531,DROP
25111,DROP
11324,Business Formal
41454,DROP
14656,Streetwear
33848,DROP
20463,DROP
5201,Streetwear
44126,DROP
36506,DROP
15784,DROP
10030,Streetwear
40740,DROP
41692,DROP
32360,DROP
39788,Business Casual
4929,Edgy / Alternative
14490,DROP
53357,DROP
15542,DROP
45232,DROP
7790,Business Casual
35145,DROP
51400,Business Casual
17215,DROP
47565,DROP
6642,DROP
34097,Streetwear
26552,DROP
3330,Athleisure
42017,DROP
27480,DROP
54172,DROP
51632,DROP
29728,DROP
19981,Streetwear
6470,DROP
23212,Traditional / Ethnic Wear
17027,DROP
3102,Streetwear
42225,Casual Basics
55292,DROP
54340,DROP
13487,Business Casual
30605,Loungewear / Sleepwear
9438,DROP
33080,Streetwear
38468,DROP
40572,Traditional / Ethnic Wear
10202,DROP
24037,Streetwear
56417,DROP
20497,DROP
45000,DROP
4327,Streetwear
21545,DROP
15770,DROP
47333,DROP
6014,Business Casual
23676,DROP
17443,DROP
50384,Traditional / Ethnic Wear
9860,Casual Basics
51256,DROP
35713,DROP
54724,Traditional / Ethnic Wear
43793,DROP
30261,DROP
3566,DROP
42641,Traditional / Ethnic Wear
12131,Traditional / Ethnic Wear
56073,DROP
32536,DROP
37878,DROP
24453,DROP
4743,DROP
21121,Business Casual
15314,DROP
38830,Casual Basics
5691,DROP
11586,Traditional / Ethnic Wear
56241,Loungewear / Sleepwear
57393,DROP
10454,Streetwear
24661,DROP
21313,DROP
45656,DROP
4571,DROP
44784,DROP
48975,DROP
17671,DROP
47101,DROP
6226,Streetwear
35521,DROP
22596,Athleisure
28890,DROP
48149,DROP
30053,DROP
2686,Streetwear
18639,Athleisure
54516,DROP
12303,Business Casual
26136,Business Formal
31181,Streetwear
3754,Streetwear
29942,DROP
44925,Business Casual
32199,Traditional / Ethnic Wear
52840,DROP
39571,DROP
14669,Business Casual
33877,DROP
58546,DROP
25912,Athleisure
7569,Athleisure
18898,Business Formal
2827,DROP
28631,Athleisure
49606,DROP
8521,DROP
16902,Casual Basics
55259,DROP
19176,Edgy / Alternative
27679,DROP
55857,DROP
22139,DROP
50519,DROP
43932,DROP
28403,DROP
54985,Boho / Cottagecore
6689,DROP
26599,DROP
19344,DROP
22905,Business Casual
49434,DROP
8713,DROP
2229,Athleisure
34860,DROP
18296,Traditional / Ethnic Wear
5830,Streetwear
33279,Casual Basics
38691,DROP
39743,Casual Basics
11129,Loungewear / Sleepwear
11915,DROP
28067,DROP
34438,Streetwear
27813,DROP
46018,Traditional / Ethnic Wear
16768,DROP
31976,DROP
50941,Casual Basics
30098,Casual Basics
48182,DROP
46824,DROP
19720,Business Casual
49050,DROP
8377,DROP
51893,DROP
39327,Casual Basics
25778,DROP
57358,DROP
14803,DROP
5468,DROP
58310,DROP
20804,DROP
24498,Traditional / Ethnic Wear
56884,DROP
4788,Streetwear
52418,Boho / Cottagecore
41833,DROP
20038,Athleisure
57956,Traditional / Ethnic Wear
13814,Streetwear
28255,DROP
8979,DROP
13028,DROP
9097,DROP
8145,DROP
7931,Athleisure
50189,DROP
30850,Traditional / Ethnic Wear
28093,DROP
6219,Streetwear
26935,Traditional / Ethnic Wear
49898,DROP
9251,Business Casual
18606,DROP
54529,DROP
51867,DROP
8383,Casual Basics
15925,DROP
38201,DROP
59236,DROP
15119,Business Casual
45669,DROP
37249,DROP
1800,DROP
36995,DROP
59838,Business Casual
32509,DROP
21922,Traditional / Ethnic Wear
40129,Streetwear
38033,DROP
37847,DROP
56870,DROP
59004,DROP
44589,DROP
23649,Streetwear
51269,DROP
12932,Casual Basics
6817,DROP
18434,DROP
9063,Business Casual
48344,DROP
3559,DROP
38457,DROP
56428,DROP
45803,DROP
39585,DROP
33883,DROP
24834,DROP
4318,Streetwear
32951,DROP
52088,Streetwear
59460,DROP
3901,Casual Basics
17018,DROP
19182,Edgy / Alternative
18050,DROP
17824,DROP
9407,DROP
48720,DROP
46488,DROP
42814,DROP
29525,DROP
54971,Boho / Cottagecore
12758,Edgy / Alternative
42028,DROP
9635,Business Casual
23823,DROP
48512,Business Casual
18262,Traditional / Ethnic Wear
38665,DROP
4916,Streetwear
10833,Business Casual
53368,DROP
59652,Traditional / Ethnic Wear
21748,DROP
11581,Traditional / Ethnic Wear
40323,DROP
38239,DROP
24666,DROP
10453,Streetwear
4576,DROP
45651,DROP
15121,Business Formal
21314,DROP
53734,DROP
44783,DROP
47106,DROP
17676,DROP
30868,Traditional / Ethnic Wear
48972,DROP
22591,Athleisure
54511,DROP
30054,DROP
2681,Streetwear
9269,Business Casual
28897,DROP
29945,DROP
31186,DROP
3753,Streetwear
12304,Business Casual
17444,DROP
50383,Traditional / Ethnic Wear
9867,Casual Basics
28299,DROP
23671,Casual Basics
6013,Edgy / Alternative
47334,DROP
35714,DROP
30266,DROP
43794,DROP
54723,Traditional / Ethnic Wear
26303,Business Casual
12136,Traditional / Ethnic Wear
42646,Traditional / Ethnic Wear
3561,DROP
8189,Business Casual
32531,DROP
56074,DROP
24454,DROP
10661,Casual Basics
40111,DROP
15313,DROP
21126,Business Casual
4744,Business Casual
5696,DROP
53506,DROP
38837,Edgy / Alternative
46682,DROP
51635,DROP
3939,Streetwear
17020,DROP
23215,Traditional / Ethnic Wear
6477,Athleisure
18854,Streetwear
55295,DROP
42222,Traditional / Ethnic Wear
3105,Streetwear
30602,Athleisure
48718,DROP
13480,DROP
10205,DROP
40575,Casual Basics
33087,DROP
56410,DROP
20490,DROP
59458,DROP
15777,DROP
32969,Streetwear
4320,Streetwear
45007,DROP
40747,DROP
24202,Edgy / Alternative
10037,DROP
56622,DROP
32367,DROP
41695,Loungewear / Sleepwear
14497,DROP
4112,DROP
45235,DROP
15545,DROP
21770,DROP
51407,Business Casual
7797,DROP
35142,DROP
6645,DROP
34090,DROP
54949,Casual Basics
47562,DROP
17212,DROP
23027,Business Formal
42010,DROP
3337,Streetwear
26555,DROP
19388,Athleisure
12760,Edgy / Alternative
54175,DROP
27487,DROP
46676,DROP
35384,DROP
7551,Athleisure
16106,DROP
50713,Streetwear
28609,DROP
34256,Athleisure
6483,DROP
26793,Business Formal
55261,DROP
8519,DROP
31724,DROP
2023,Streetwear
43304,Business Casual
13474,DROP
57536,DROP
40581,Traditional / Ethnic Wear
33073,Casual Basics
39549,DROP
52878,Traditional / Ethnic Wear
41453,DROP
11323,Edgy / Alternative
25116,DROP
20464,DROP
14651,Streetwear
15783,DROP
36501,Traditional / Ethnic Wear
33241,Business Formal
5808,Boho / Cottagecore
11111,Business Casual
25324,DROP
32393,Business Casual
41661,Business Casual
44313,Business Casual
36733,Streetwear
22101,DROP
16334,Business Casual
46444,DROP
7763,Streetwear
34064,Boho / Cottagecore
47596,DROP
50521,Loungewear / Sleepwear
12794,Streetwear
13646,DROP
34858,DROP
27473,DROP
2211,DROP
11575,Traditional / Ethnic Wear
25740,DROP
33625,DROP
24692,Casual Basics
57360,DROP
36357,DROP
4582,DROP
20232,Casual Basics
14007,Streetwear
58328,DROP
44777,DROP
37285,Streetwear
5450,Athleisure
34400,Streetwear
50145,DROP
17682,DROP
22565,DROP
16750,DROP
46020,Traditional / Ethnic Wear
7307,Casual Basics
13222,Casual Basics
27017,Edgy / Alternative
2675,Streetwear
50979,DROP
43552,DROP
28863,Business Casual
49068,DROP
31172,Casual Basics
55437,DROP
19718,Business Casual
50377,DROP
23685,DROP
34632,DROP
46212,DROP
7135,Streetwear
22757,Traditional / Ethnic Wear
8941,Business Formal
30292,Streetwear
48388,Casual Basics
43760,DROP
27225,Casual Basics
7909,Casual Basics
3595,DROP
31340,Edgy / Alternative
56080,DROP
25572,DROP
57152,Casual Basics
33417,DROP
58926,DROP
52420,Boho / Cottagecore
44545,DROP
5662,Casual Basics
20000,Casual Basics
51438,Traditional / Ethnic Wear
29522,DROP
42813,DROP
54976,Boho / Cottagecore
3308,DROP
55098,DROP
35941,Edgy / Alternative
18265,Traditional / Ethnic Wear
48515,Boho / Cottagecore
23824,DROP
9632,Business Casual
38662,DROP
40778,DROP
10008,Streetwear
4911,Streetwear
32358,DROP
10834,Casual Basics
59655,Traditional / Ethnic Wear
38450,DROP
53961,DROP
39582,DROP
45804,DROP
37418,DROP
24833,DROP
33884,DROP
59467,DROP
15748,Business Casual
45038,DROP
3906,Athleisure
6448,DROP
19185,Business Casual
17823,DROP
9400,DROP
18057,DROP
21925,Traditional / Ethnic Wear
36992,DROP
57199,Boho / Cottagecore
38034,DROP
21119,Casual Basics
59003,DROP
56877,DROP
53539,DROP
38808,Streetwear
9858,Casual Basics
12935,Casual Basics
48343,DROP
30259,DROP
9064,Business Formal
6810,DROP
18433,DROP
12109,Traditional / Ethnic Wear
42679,Traditional / Ethnic Wear
47139,DROP
28094,DROP
17649,DROP
30857,Traditional / Ethnic Wear
31985,DROP
26932,Casual Basics
18601,DROP
48171,DROP
9256,Business Casual
51860,Edgy / Alternative
8384,Streetwear
56279,DROP
15922,DROP
38206,DROP
24659,DROP
4549,DROP
59231,DROP
1807,Athleisure
41008,Edgy / Alternative
11778,Casual Basics
33428,DROP
58919,DROP
41834,DROP
56883,DROP
37088,DROP
28252,DROP
50348,Traditional / Ethnic Wear
13813,Casual Basics
22768,Traditional / Ethnic Wear
2478,Streetwear
9090,DROP
19515,Casual Basics
7936,Streetwear
8142,DROP
27814,DROP
28060,DROP
31971,DROP
27028,Casual Basics
48185,DROP
50946,Casual Basics
3798,DROP
51894,DROP
49057,DROP
55408,DROP
19727,Business Casual
46823,DROP
39320,Casual Basics
14804,DROP
10498,Casual Basics
36368,Business Formal
14038,Edgy / Alternative
58317,DROP
44748,DROP
55850,DROP
35189,DROP
54982,Boho / Cottagecore
28404,DROP
43935,DROP
8714,DROP
49433,DROP
19343,DROP
18291,Traditional / Ethnic Wear
13679,DROP
34867,DROP
43109,DROP
38696,DROP
5837,Streetwear
39744,Streetwear
20669,Business Casual
11912,DROP
57509,DROP
44922,Athleisure
39576,DROP
52847,DROP
25129,DROP
5239,DROP
58541,DROP
33870,DROP
21589,Athleisure
25915,Athleisure
46649,DROP
16139,Streetwear
28636,DROP
2820,DROP
34269,Traditional / Ethnic Wear
19171,Streetwear
12599,Streetwear
8526,DROP
16905,Casual Basics
49601,DROP
32163,DROP
24006,Business Casual
40543,DROP
38459,DROP
15741,DROP
52086,Streetwear
21574,DROP
4316,Streetwear
45031,DROP
37411,DROP
14693,Business Casual
17016,DROP
23223,Traditional / Ethnic Wear
6441,DROP
18862,Athleisure
34294,Traditional / Ethnic Wear
7593,DROP
51603,Boho / Cottagecore
30634,Athleisure
9409,DROP
27683,DROP
42214,Traditional / Ethnic Wear
6673,DROP
47554,DROP
17224,DROP
51431,Business Casual
46486,DROP
35174,DROP
13684,DROP
54143,DROP
42026,DROP
3301,DROP
26563,DROP
4918,Streetwear
32351,DROP
40771,DROP
33283,Edgy / Alternative
24234,Traditional / Ethnic Wear
10001,Casual Basics
4124,Athleisure
45203,DROP
15573,Streetwear
53366,DROP
37623,Streetwear
49896,DROP
16792,Edgy / Alternative
51055,DROP
6217,Boho / Cottagecore
50187,DROP
17640,DROP
48944,DROP
23475,DROP
3765,Streetwear
26107,Business Casual
54527,DROP
43590,Casual Basics
48178,DROP
40315,DROP
10465,Streetwear
56270,DROP
25782,DROP
53702,DROP
5492,Streetwear
37247,DROP
4540,Business Casual
36395,DROP
59238,DROP
15117,Business Formal
21322,DROP
24462,DROP
37849,DROP
57190,Casual Basics
40127,Casual Basics
32507,DROP
56042,DROP
11785,Casual Basics
44587,Edgy / Alternative
37075,DROP
53530,DROP
15325,Streetwear
21110,Casual Basics
4772,Casual Basics
22795,Business Casual
51267,DROP
8983,DROP
23647,Streetwear
6025,Casual Basics
47302,DROP
26335,DROP
12100,Traditional / Ethnic Wear
42670,Traditional / Ethnic Wear
49298,DROP
31382,Streetwear
3557,DROP
30250,DROP
2485,Casual Basics
6819,DROP
54715,Traditional / Ethnic Wear
49862,DROP
22553,DROP
16766,DROP
31978,DROP
46016,Traditional / Ethnic Wear
7331,DROP
34436,Streetwear
50173,DROP
23481,Casual Basics
28069,DROP
8379,Streetwear
3791,Casual Basics
31144,Streetwear
13214,DROP
27021,Casual Basics
30096,DROP
28855,Business Casual
43564,DROP
57356,DROP
10491,Streetwear
11543,Traditional / Ethnic Wear
56284,DROP
25776,DROP
39329,Edgy / Alternative
41233,DROP
20204,Streetwear
14031,Streetwear
44741,DROP
5466,DROP
36361,Business Formal
45693,DROP
24496,Traditional / Ethnic Wear
57164,Casual Basics
58910,DROP
33421,DROP
41001,Casual Basics
11771,Streetwear
25544,Streetwear
44573,DROP
37081,DROP
57958,Traditional / Ethnic Wear
5654,DROP
20036,DROP
39927,DROP
52416,Loungewear / Sleepwear
4786,Athleisure
7103,DROP
22761,Traditional / Ethnic Wear
8977,DROP
16554,Streetwear
50341,Traditional / Ethnic Wear
34604,DROP
55633,DROP
42684,Traditional / Ethnic Wear
9099,Athleisure
43756,DROP
13026,DROP
27213,Edgy / Alternative
32197,Traditional / Ethnic Wear
11315,Edgy / Alternative
25120,DROP
57500,DROP
33045,Traditional / Ethnic Wear
52072,Streetwear
21580,Streetwear
36537,DROP
44117,DROP
5230,Business Casual
20452,DROP
14667,Edgy / Alternative
33879,DROP
58548,DROP
50725,DROP
34260,Streetwear
18896,Traditional / Ethnic Wear
19944,DROP
7567,Athleisure
22305,DROP
16130,Casual Basics
2015,Athleisure
43332,Casual Basics
54385,DROP
13442,Casual Basics
27677,DROP
12590,Streetwear
55257,DROP
49608,DROP
31712,DROP
34052,Streetwear
6687,Edgy / Alternative
22137,DROP
46472,DROP
